time,url,filesize
2026-04-07T22:28:10Z,https://yukon.ca/en/travel-expense-report-ame-round-and-wild-sheep-foundation-show-january-22-january-27,17899
2026-04-07T22:28:11Z,https://yukon.ca/en/travel-expense-report-ame-round-and-first-ministers-meeting-january-24-january-30,25319
2026-04-07T22:28:11Z,https://yukon.ca/en/travel-expense-report-federal-provincial-and-territorial-agriculture-conference-september-6-september-10,18243
2026-04-07T22:28:11Z,https://yukon.ca/en/travel-expense-report-housing-federal-provincial-and-territorial-meetings-september-7-september-13,20291
2026-04-07T22:28:12Z,https://yukon.ca/en/travel-expense-report-intergovernmental-energy-summit-september-17-september-20,19743
2026-04-07T22:28:12Z,https://yukon.ca/en/travel-expense-reports-order-british-columbia-september-18-september-21,18609
2026-04-07T22:28:14Z,https://yukon.ca/en/travel-expense-report-parliamentary-secretary-women-august-6-august-10,21379
2026-04-07T22:28:15Z,https://yukon.ca/en/travel-expense-report-sport-federal-provincial-and-territorial-meetings-canada-summer-games-arctic-security-and-grid-connect-meetings-august-6-august-15,20435
2026-04-07T22:28:16Z,https://yukon.ca/en/travel-expense-report-economic-development-meetings-august-21,19766
2026-04-07T22:28:18Z,https://yukon.ca/en/travel-expense-report-taiwan-air-interline-agreement-august-24-august-31,18422
2026-04-07T22:28:19Z,https://yukon.ca/en/travel-expense-report-committee-internal-trade-cit-and-bc-grid-connect-proponent-meetings-july-3-july-10,17699
2026-04-07T22:28:20Z,https://yukon.ca/en/travel-expense-report-federal-provincial-and-territorial-ministers-status-women-meetings-july-7-july-11,19226
2026-04-07T22:28:21Z,https://yukon.ca/en/travel-expense-report-energy-mines-and-resources-ministers-conference-july-8-july-12,22584
2026-04-07T22:28:22Z,https://yukon.ca/en/travel-expense-report-council-federation-july-19-july-25,24164
2026-04-07T22:28:23Z,https://yukon.ca/en/travel-expense-report-proponent-meetings-july-20-july-25,18499
2026-04-07T22:28:24Z,https://yukon.ca/en/travel-expense-report-hydro-one-and-fortis-meetings-july-28-july-31,22452
2026-04-07T22:28:25Z,https://yukon.ca/en/travel-expense-report-first-ministers-meetings-june-1-june-3,27410
2026-04-07T22:28:26Z,https://yukon.ca/en/travel-expense-report-global-energy-show-june-10-june-12,21902
2026-04-07T22:28:27Z,https://yukon.ca/en/travel-expense-report-economic-development-meetings-june-23-24,21925
2026-04-07T22:28:28Z,https://yukon.ca/en/travel-expense-report-council-canadian-francophonie-june-25-june-27,18781
2026-04-07T22:28:29Z,https://yukon.ca/en/travel-expense-report-toronto-and-ottawa-meetings-may-8-18,18831
2026-04-07T22:28:30Z,https://yukon.ca/en/travel-expense-report-arctic-inspiration-prize-may-11-15,20853
2026-04-07T22:28:31Z,https://yukon.ca/en/travel-expense-report-western-premiers-conference-may-20-25,23462
2026-04-07T22:28:32Z,https://yukon.ca/en/travel-expense-report-cansec-2025-trade-show-may-26-30,20234
2026-04-07T22:28:33Z,https://yukon.ca/en/travel-expense-report-leaders-conference-april-3-5,18614
2026-04-07T22:28:34Z,https://yukon.ca/en/travel-expense-report-pdac-march-1-5,18672
2026-04-07T22:28:35Z,https://yukon.ca/en/travel-expense-report-first-ministers-meetings-march-20-22,24931
2026-04-07T22:28:36Z,https://yukon.ca/en/travel-expense-report-mission-washington-february-9-16,25833
2026-04-07T22:28:37Z,https://yukon.ca/en/travel-expense-report-committee-internal-trade-february-27-march-2,18841
2026-04-07T22:28:38Z,https://yukon.ca/en/travel-expense-report-first-ministers-meetings-january-12-16,20597
2026-04-07T22:28:39Z,https://yukon.ca/en/travel-expense-report-round-january-18-26,33405
2026-04-07T22:28:40Z,https://yukon.ca/en/travel-expense-report-committee-internal-trade-january-30-february-5,18984
2026-04-07T22:28:41Z,https://yukon.ca/en/travel-expense-report-yukon-days-december-1-18,40066
2026-04-07T22:28:42Z,https://yukon.ca/en/travel-expense-report-funeral-former-bc-premier-john-horgan-december-14-16,18818
2026-04-07T22:28:43Z,https://yukon.ca/en/travel-expense-report-council-federation-winter-meetings-december-13-19,24168
2026-04-07T22:28:44Z,https://yukon.ca/en/travel-expense-report-us-relations-meetings-december-18-23,22769
2026-04-07T22:28:45Z,https://yukon.ca/en/travel-expense-report-federal-provincial-and-territorial-ministers-early-learning-and-child-care,20689
2026-04-07T22:28:46Z,https://yukon.ca/en/travel-expense-report-meetings-federal-ministers-september-12-20,15667
2026-04-07T22:28:47Z,https://yukon.ca/en/travel-expense-report-pnwer-annual-summit-july-20-july-26,18158
2026-04-07T22:28:48Z,https://yukon.ca/en/travel-expense-report-council-federation-july-15-17-2024,3516
2026-04-07T22:28:49Z,https://yukon.ca/en/travel-expense-report-business-development-meeting-july-31,17510
2026-04-07T22:28:51Z,https://yukon.ca/en/travel-expense-report-ore-deck-ribbon-cutting-ceremony-june-27,17073
2026-04-07T22:28:52Z,https://yukon.ca/en/travel-expense-report-agm-pt-ministers-responsible-local-government-june-24-27,24082
2026-04-07T22:28:53Z,https://yukon.ca/en/travel-expense-report-federal-provincial-and-territorial-ministers-responsible-conservation-wildlife,3863
2026-04-07T22:28:54Z,https://yukon.ca/en/travel-expense-report-london-delegation-trip-june-6-15,4562
2026-04-07T22:28:54Z,https://yukon.ca/en/travel-expense-report-meeting-diplomats-june-12-14,5018
2026-04-07T22:28:55Z,https://yukon.ca/en/travel-expense-report-meeting-eurasia-group-diplomats-and-collision-june-10-20,5495
2026-04-07T22:28:56Z,https://yukon.ca/en/travel-expense-report-attendance-anniversary-d-day-june-4-8,4698
2026-04-07T22:28:58Z,https://yukon.ca/en/travel-expense-attendance-meeting-canadian-council-forest-ministers-june-2-5,5688
2026-04-07T22:28:58Z,https://yukon.ca/en/travel-expense-report-attendance-northern-premiers-forum-may-4-10-2024,6217
2026-04-07T22:29:00Z,https://yukon.ca/en/travel-expense-report-attendance-arctic-encounter-symposium-april-11-13-2024,5291
2026-04-07T22:29:01Z,https://yukon.ca/en/travel-expense-report-meeting-federal-provincial-and-territorial-ministers-responsible-labour-april,6026
2026-04-07T22:29:02Z,https://yukon.ca/en/travel-expense-report-attendance-brian-mulroney-funeral-march-21-march-24-2024,5017
2026-04-07T22:29:03Z,https://yukon.ca/en/travel-expense-report-ministers-meeting-montreal-february-21-25-2024,2590
2026-04-07T22:29:04Z,https://yukon.ca/en/travel-expense-report-meeting-minister-wilkinson-january-4-january-5-2024,2649
2026-04-07T22:29:05Z,https://yukon.ca/en/travel-expense-report-premiers-meeting-minister-wilkinsonconsul-january-4-january-7-2023,3269
2026-04-07T22:29:07Z,https://yukon.ca/en/travel-expense-report-minister-silver-round-meeting-january-19-25-2024,2386
2026-04-07T22:29:08Z,https://yukon.ca/en/travel-expense-report-round-meeting-january-20-january-23-2024,3130
2026-04-07T22:29:09Z,https://yukon.ca/en/travel-expense-report-meeting-minister-wilkinson-january-20-january-25-2024,2849
2026-04-07T22:29:10Z,https://yukon.ca/en/travel-expense-report-round-january-21-january-26-2024,2192
2026-04-07T22:29:11Z,https://yukon.ca/en/travel-expense-report-finance-ministers-provincialterritorialfederal-december-11-december-18-2024,2742
2026-04-07T22:29:12Z,https://yukon.ca/en/travel-expense-report-yukon-days-minister-mosytn-december-2-6-2023,4173
2026-04-07T22:29:13Z,https://yukon.ca/en/travel-expense-report-yukon-days-december-02-december-07-2023,2279
2026-04-07T22:29:14Z,https://yukon.ca/en/travel-expense-report-for-yukon-days-december-03-to-december-08,2443
2026-04-07T22:29:15Z,https://yukon.ca/en/travel-expense-report-yukon-days-minister-clarke-december-03-december-08-2023,2289
2026-04-07T22:29:16Z,https://yukon.ca/en/travel-expense-report-premiere-yukon-days-december-02-december-10-2023,3302
2026-04-07T22:29:16Z,https://yukon.ca/en/travel-expense-report-bc-cabinet-fn-leaders-gathering-november-02-03-2023,2474
2026-04-07T22:29:17Z,https://yukon.ca/en/travel-expense-report-cof-premiers-meeting-november-3-november-7-2023,3083
2026-04-07T22:29:18Z,https://yukon.ca/en/travel-expense-report-for-europe-mission-from-november-24-to-november-30-2023,3258
2026-04-07T22:29:19Z,https://yukon.ca/en/travel-expense-report-banff-forum-october-20-2023,2451
2026-04-07T22:29:19Z,https://yukon.ca/en/premier-eby-consuls-meeting-oct-27-oct-29-2023,2967
2026-04-07T22:29:20Z,https://yukon.ca/en/travel-expense-report-asian-mission-september-07-september-24-2023,3190
2026-04-07T22:29:21Z,https://yukon.ca/en/travel-expense-report-federal-ministers-meeting-september-20-22-2023,2041
2026-04-07T22:29:22Z,https://yukon.ca/en/travel-expense-report-denver-gold-forum-september-11-21-2023,2431
2026-04-07T22:29:24Z,https://yukon.ca/en/travel-expense-report-2023-ending-gender-based-violence-forum-septenber-05-07-2023,2998
2026-04-07T22:29:25Z,https://yukon.ca/en/travel-expense-report-asian-mission-september-07-september-13-2023,2800
2026-04-07T22:29:26Z,https://yukon.ca/en/find-minister-travel-expenses-ministers-meetings-september-1-september-7-2023,4094
2026-04-07T22:29:27Z,https://yukon.ca/en/travel-expense-report-emmc-conference-august-27-september-1-2023,2772
2026-04-07T22:29:28Z,https://yukon.ca/en/travel-expense-report-tour-qikiqtaruk-august-21-august-23-2023,2290
2026-04-07T22:29:29Z,https://yukon.ca/en/travel-expense-report-signing-offshore-accord-august-10-2023,3198
2026-04-07T22:29:30Z,https://yukon.ca/en/travel-expense-report-2023-fpt-ministers-responsible-status-women,2851
2026-04-07T22:29:31Z,https://yukon.ca/en/travel-expense-report-haa-kusteeyi-celebration-july-29-july-30-2023,2416
2026-04-07T22:29:32Z,https://yukon.ca/en/travel-expense-report-white-pass-125th-anniversary-july-29-july-30-2023,2869
2026-04-07T22:29:33Z,https://yukon.ca/en/travel-expense-report-ccme-council-ministers-meetings-july-25-july-28-2023,2661
2026-04-07T22:29:34Z,https://yukon.ca/en/travel-expense-report-meeting-nova-scotia-premier-july-25-july-26-2023,2755
2026-04-07T22:29:35Z,https://yukon.ca/en/travel-expense-report-fpt-ministers-agriculture-july-18-july-22-2023,3203
2026-04-07T22:29:36Z,https://yukon.ca/en/travel-expense-report-2023-north-american-indigenous-games-july-14-july-17-2023,2881
2026-04-07T22:29:37Z,https://yukon.ca/en/travel-expense-report-pacific-northwest-economic-region-july-14-july-21-2023,3166
2026-04-07T22:29:39Z,https://yukon.ca/en/travel-expense-report-2023-fpt-ministers-responsible-early-learning-child-care,2835
2026-04-07T22:29:40Z,https://yukon.ca/en/travel-expense-report-council-ministers-education-canada-meeting-july-11-july-14-2023,2813
2026-04-07T22:29:41Z,https://yukon.ca/en/travel-expense-report-cof-summer-meetings-july-9-13-2023,3226
2026-04-07T22:29:42Z,https://yukon.ca/en/travel-expense-report-ministers-council-canadian-francophonie-july-5-7-2023,2758
2026-04-07T22:29:43Z,https://yukon.ca/en/travel-expense-report-fpt-ministers-responsible-culture-and-heritage-june-26-30-2023,2847
2026-04-07T22:29:44Z,https://yukon.ca/en/travel-expense-report-western-premiers-conference-june-25-june-27-2023,3050
2026-04-07T22:29:45Z,https://yukon.ca/en/travel-expense-report-fpt-ministers-infrastructure-meeting-june-19-23-2023,2804
2026-04-07T22:29:47Z,https://yukon.ca/en/travel-expense-report-fpt-ministers-responsible-human-rights-june-15-30-2023,2585
2026-04-07T22:29:48Z,https://yukon.ca/en/travel-expense-report-pt-ministers-responsible-local-government-june-1-7-2023,2710
2026-04-07T22:29:49Z,https://yukon.ca/en/travel-expense-report-cirnac-june-1-5-2023,2697
2026-04-07T22:29:50Z,https://yukon.ca/en/travel-expense-report-rendezvous-canada-may-28-june-1-2023,2690
2026-04-07T22:29:51Z,https://yukon.ca/en/travel-expense-report-northern-premiers-forum-may-16-17-2023,3341
2026-04-07T22:29:52Z,https://yukon.ca/en/travel-expense-report-ministerial-meetings-may-3-6-2023,2375
2026-04-07T22:29:53Z,https://yukon.ca/en/travel-expense-report-premier-fordstakeholder-meetings-april-30-may-8-2023,3749
2026-04-07T22:29:54Z,https://yukon.ca/en/travel-expense-report-meeting-air-north-april-6-8-2023,2555
2026-04-07T22:29:55Z,https://yukon.ca/en/travel-expense-report-first-nations-meetings-march-17-2023,2686
2026-04-07T22:29:56Z,https://yukon.ca/en/travel-expense-report-2023-canada-winter-games-february-15-20-2023,2620
2026-04-07T22:29:58Z,https://yukon.ca/en/travel-expense-report-prime-minister-and-premiersec-devconsul-gen-india-meetings-february-10-15-2023,3571
2026-04-07T22:29:59Z,https://yukon.ca/en/travel-expense-report-fpt-finance-meetings-february-1-4-2023,2413
2026-04-07T22:30:00Z,https://yukon.ca/en/travel-expense-report-vric-meetings-january-29-30-2023,2439
2026-04-07T22:30:01Z,https://yukon.ca/en/travel-expense-report-2023-arctic-winter-games-january-28-31-2023,2521
2026-04-07T22:30:03Z,https://yukon.ca/en/travel-expense-report-vric-conference-january-28-30-2023,2468
2026-04-07T22:30:04Z,https://yukon.ca/en/travel-expense-report-ame-roundup-january-21-27-2023,4380
2026-04-07T22:30:05Z,https://yukon.ca/en/travel-expense-report-fpt-symposium-digital-identity-cybersecurityroundup-january-20-26-2023,2867
2026-04-07T22:30:06Z,https://yukon.ca/en/travel-expense-report-affinity-north-indigenous-negotiations-workshop-january-12-13-2023,2415
2026-04-07T22:30:08Z,https://yukon.ca/en/travel-expense-report-canadian-delegation-cnd-cop15-december-12-22-2022,2700
2026-04-07T22:30:09Z,https://yukon.ca/en/travel-expense-report-fpt-ministers-emergency-management-meeting-december-10-17-2022,2687
2026-04-07T22:30:10Z,https://yukon.ca/en/travel-expense-report-yukon-days-cit-meetings-and-mining-meetings-december-4-11-2022,3105
2026-04-07T22:30:11Z,https://yukon.ca/en/travel-expense-report-yukon-days-december-3-8-2022,2625
2026-04-07T22:30:12Z,https://yukon.ca/en/travel-expense-report-yukon-days-and-federal-bilateral-engagements-december-2-9-2022,3050
2026-04-07T22:30:13Z,https://yukon.ca/en/travel-expense-report-ministerial-meetings-november-27-to-december-1-2022,2212
2026-04-07T22:30:14Z,https://yukon.ca/en/travel-expense-report-federal-provincial-and-territorial-health-ministers-meetings-november-5-6-2022,2952
2026-04-07T22:30:16Z,https://yukon.ca/en/travel-expense-report-tourism-housing-and-infrastructure-meetings-november-4-6-2022,2278
2026-04-07T22:30:17Z,https://yukon.ca/en/travel-expense-report-carbon-capture-canada-event-september-19-22-2022,2256
2026-04-07T22:30:18Z,https://yukon.ca/en/travel-expense-report-mining-meetings-precious-minerals-and-gold-show-september-9-19-2022,2500
2026-04-07T22:30:19Z,https://yukon.ca/en/travel-expense-report-arctic-circle-greenland-forum-august-23-30-2022,3343
2026-04-07T22:30:20Z,https://yukon.ca/en/travel-expense-report-canada-summer-games-august-3-8-2022,2266
2026-04-07T22:30:22Z,https://yukon.ca/en/travel-expense-report-pacific-northwest-economic-region-summit-july-21-31-2022,3385
2026-04-07T22:30:23Z,https://yukon.ca/en/travel-expense-report-ministers-visit-aklavik-herschel-island-july-11-16-2022,2837
2026-04-07T22:30:24Z,https://yukon.ca/en/travel-expense-report-fpt-ministers-most-responsible-elcc-july-11-12,2283
2026-04-07T22:30:25Z,https://yukon.ca/en/travel-expense-report-federal-provincial-and-territorial-ministers-culture-and-heritage-and-federal,2624
2026-04-07T22:30:26Z,https://yukon.ca/en/travel-expense-report-council-federation-july-7-13-2022,2811
2026-04-07T22:30:27Z,https://yukon.ca/en/travel-expense-report-energy-mines-ministers-conference-july-5-9-2022,2350
2026-04-07T22:30:28Z,https://yukon.ca/en/travel-expense-report-canadian-council-ministers-education-conference-july-4-6-2022,2272
2026-04-07T22:30:29Z,https://yukon.ca/en/travel-expense-report-independence-day-july-4-2022,2343
2026-04-07T22:30:30Z,https://yukon.ca/en/travel-expense-report-economic-development-film-meetings-june-29-july-2-2022,2257
2026-04-07T22:30:31Z,https://yukon.ca/en/travel-expense-report-federal-minister-meetings-and-matriarch-summit-june-20-24-2022,2616
2026-04-07T22:30:32Z,https://yukon.ca/en/travel-expense-report-pdac-conference-and-meetings-ottawa-and-new-york-june-12-17-2022,2522
2026-04-07T22:30:33Z,https://yukon.ca/en/travel-expense-report-pdac-conference-june-12-15-2022,2658
2026-04-07T22:30:35Z,https://yukon.ca/en/travel-expense-report-federal-provincial-and-territorial-health-ministers-meeting-june-5-6-2022,2617
2026-04-07T22:30:36Z,https://yukon.ca/en/travel-expense-report-western-premiers-conference-may-25-30,2739
2026-04-07T22:30:37Z,https://yukon.ca/en/travel-expense-report-atlin-expansion-project-site-visit-may-25-2022,2305
2026-04-07T22:30:38Z,https://yukon.ca/en/travel-expense-report-vancouver-resource-investment-conference-may-16-18-2022,2706
2026-04-07T22:30:39Z,https://yukon.ca/en/travel-expense-report-air-north-inaugural-flight-and-meeting-prime-minister-and-federal-ministers,3918
2026-04-07T22:30:40Z,https://yukon.ca/en/travel-expense-report-meeting-federal-provincial-and-territorial-ministers-agriculture-april-30-may,2697
2026-04-07T22:30:41Z,https://yukon.ca/en/travel-expense-report-westac-fall-member-forum-december-7-12-2021,2265
2026-04-07T22:30:43Z,https://yukon.ca/en/travel-expense-report-destination-canada-meetings-september-28-october-1-2021,2397
2026-04-07T22:30:44Z,https://yukon.ca/en/travel-expense-report-prospector-and-developers-association-canada-mineral-exploration-and-mining,2886
2026-04-07T22:30:45Z,https://yukon.ca/en/travel-expense-report-council-ministers-responsible-transportation-and-highway-safety-federal,2829
2026-04-07T22:30:46Z,https://yukon.ca/en/travel-expense-report-meetings-federal-ministers-february-2-6-2020,2856
2026-04-07T22:30:47Z,https://yukon.ca/en/travel-expense-report-federal-provincial-and-territorial-justice-ministers-meeting-january-21,4008
2026-04-07T22:30:49Z,https://yukon.ca/en/travel-expense-report-ministers-meeting-early-learning-and-childcare-and-ame-roundup-january-19-24,2902
2026-04-07T22:30:50Z,https://yukon.ca/en/travel-expense-report-vancouver-resource-investment-conference-and-mineral-exploration-roundup,3028
2026-04-07T22:30:51Z,https://yukon.ca/en/travel-expense-purpose-impact-conference-january-17-23,2425
2026-04-07T22:30:52Z,https://yukon.ca/en/travel-expense-purpose-mining-hall-fame-january-7-10-2020,2249
2026-04-07T22:30:54Z,https://yukon.ca/en/travel-expense-purpose-finance-ministers-meeting-december-16-17-2019,2185
2026-04-07T22:30:55Z,https://yukon.ca/en/travel-expense-purpose-federal-ministers-meetings-december-8-12-2019,3993
2026-04-07T22:30:56Z,https://yukon.ca/en/travel-expense-purpose-council-federal-meeting-and-yukon-days-december-1-6-2019,2985
2026-04-07T22:30:57Z,https://yukon.ca/en/travel-expense-purpose-meeting-federal-provincial-and-territorial-ministers-responsible-status-women,2339
2026-04-07T22:30:58Z,https://yukon.ca/en/travel-expense-report-yukon-days-november-30-december-6-2019,2842
2026-04-07T22:31:00Z,https://yukon.ca/en/travel-expense-report-world-town-planning-event-november-2-3-2019,3832
2026-04-07T22:31:01Z,https://yukon.ca/en/travel-expense-report-celebration-life-julie-lane-october-20-2019,2379
2026-04-07T22:31:02Z,https://yukon.ca/en/travel-expense-report-denver-gold-forum-september-14-18-2019,2756
2026-04-07T22:31:03Z,https://yukon.ca/en/travel-expense-report-port-skagway-work-session-august-8-2019,2166
2026-04-07T22:31:04Z,https://yukon.ca/en/council-of-ministers-of-education-july-2019,4718
2026-04-07T22:31:06Z,https://yukon.ca/en/pacific-northwest-economic-region-july-2019,4125
2026-04-07T22:31:07Z,https://yukon.ca/en/travel-expense-report-energy-and-mines-ministers-conference-meetingministers-agriculture-meeting,3207
2026-04-07T22:31:08Z,https://yukon.ca/en/travel-expense-report-council-federation-summer-meeting-july-7-11-2019,3217
2026-04-07T22:31:09Z,https://yukon.ca/en/travel-expense-report-witness-unesco-world-heritage-july-4-12-2019,4147
2026-04-07T22:31:10Z,https://yukon.ca/en/western-premiers-conference-june-25-july-1-2019,3315
2026-04-07T22:31:11Z,https://yukon.ca/en/federal-ministers-meetinginvestment-attraction-meeting-june-16-21-2019,2533
2026-04-07T22:31:12Z,https://yukon.ca/en/federal-ministers-meeting-june-16-20-2019,2298
2026-04-07T22:31:13Z,https://yukon.ca/en/federal-provincial-and-territorial-meeting-tourism-and-culture-june-15-20-2019,2489
2026-04-07T22:31:14Z,https://yukon.ca/en/meeting-provincial-and-territorial-ministers-responsible-local-government-june-10-14-ministerial,2872
2026-04-07T22:31:16Z,https://yukon.ca/en/women-deliver-conference-june-4-8-2019,2533
2026-04-07T22:31:17Z,https://yukon.ca/en/121-mining-investment-conferencecanadian-mining-symposium-may-19-27-2019,3229
2026-04-07T22:31:18Z,https://yukon.ca/en/collision-conferencecanada-free-trade-agreement-meeting-may-19-30-2019,2774
2026-04-07T22:31:19Z,https://yukon.ca/en/seniors-forum-federal-provincial-and-territorial-ministers-meeting-may-20-23-2019,2889
2026-04-07T22:31:20Z,https://yukon.ca/en/rendezvous-canada-meeting-may-22-may-29,2417
2026-04-07T22:31:21Z,https://yukon.ca/en/alaska-industrial-development-and-export-authority-municipality-skagway-april-2019,2976
2026-04-07T22:31:22Z,https://yukon.ca/en/health-and-social-services-federal-provincial-and-territorial-ministers-committee-april-22-april-24,2703
2026-04-07T22:31:23Z,https://yukon.ca/en/travel-expense-report-prospectors-and-developers-association-canada-globe-capital-february-27-march,4757
2026-04-07T22:31:24Z,https://yukon.ca/en/travel-expense-report-alaska-mission-february-17-20-2019,2836
2026-04-07T22:31:25Z,https://yukon.ca/en/travel-expense-report-federal-provincial-and-territorial-ministers-responsible-sportscanada-winter,2736
2026-04-07T22:31:26Z,https://yukon.ca/en/travel-expense-report-first-nation-directors-education-national-forum-february-12-15-2019,2504
2026-04-07T22:31:27Z,https://yukon.ca/en/travel-expense-report-association-mineral-exploration-roundup-2019-january-27-february-1-2019,3071
2026-04-07T22:31:29Z,https://yukon.ca/en/travel-expense-report-federal-provincial-and-territorial-emergency-management-and-national,2534
2026-04-07T22:31:30Z,https://yukon.ca/en/travel-expense-report-impact-sustainability-travel-tourism-conference-mineral-roundup-january-20-30,2588
2026-04-07T22:31:31Z,https://yukon.ca/en/travel-expense-report-vancouver-resource-investment-conferencenorthern-development-ministers-forum,3031
2026-04-07T22:31:32Z,https://yukon.ca/en/travel-expense-report-federal-provincial-and-territorial-leaders-national-indigenous-organizations,2807
2026-04-07T22:31:33Z,https://yukon.ca/en/travel-expense-report-canadian-mining-hall-fame-induction-january-9-12-2019,2900
2026-04-07T22:31:34Z,https://yukon.ca/en/travel-expense-report-missing-and-murdered-indigenous-women-and-girls-december-9-12-2018,2313
2026-04-07T22:31:35Z,https://yukon.ca/en/travel-expense-report-yukon-days-canadian-council-fisheries-and-aquaculture-ministers-december-2-6,2709
2026-04-07T22:31:36Z,https://yukon.ca/en/travel-expense-purpose-yukon-days-indigenous-peoples-justice-conference-november-30-december-7-2018,2879
2026-04-07T22:31:37Z,https://yukon.ca/en/travel-expense-report-yukon-days-first-ministers-meeting-finance-ministers-meeting-november-29,3579
2026-04-07T22:31:38Z,https://yukon.ca/en/travel-expense-report-national-inquiry-missing-and-murdered-indigenous-girls-and-womentourism,2779
2026-04-07T22:31:39Z,https://yukon.ca/en/meeting-with-federal-ministers-october-2018,2522
2026-04-07T22:31:40Z,https://yukon.ca/en/travel-expense-report-federal-provincial-and-territorial-ministers-economic-development-october-25,2558
2026-04-07T22:31:41Z,https://yukon.ca/en/travel-expense-report-federal-provincial-and-territorial-meeting-ministers-responsible,3870
2026-04-07T22:31:42Z,https://yukon.ca/en/travel-expense-report-missing-and-murdered-indigenous-women-and-girls-hearings-september-16-19-2018,2447
2026-04-07T22:31:43Z,https://yukon.ca/en/travel-expense-report-international-association-public-participation-conference-september-5-7-2018,2458
2026-04-07T22:31:44Z,https://yukon.ca/en/travel-expense-report-canadian-council-forest-ministers-september-4-8-2018,2534
2026-04-07T22:31:45Z,https://yukon.ca/en/canada-55%2B-games-august-2018,2255
2026-04-07T22:31:46Z,https://yukon.ca/en/travel-expense-report-energy-and-mines-ministers-conference-and-arctic-indigenous-investment,2749
2026-04-07T22:31:47Z,https://yukon.ca/en/travel-expense-report-special-olympics-national-games-july-30-august-05-2018,2330
2026-04-07T22:31:48Z,https://yukon.ca/en/travel-expense-report-pan-territorial-meeting-and-federal-provincial-and-territorial-meeting-social,2711
2026-04-07T22:31:49Z,https://yukon.ca/en/travel-expense-report-pacific-northwest-economic-region-july-20-26-2018,2482
2026-04-07T22:31:50Z,https://yukon.ca/en/travel-expense-report-council-federation-july-17-21-2018,2869
2026-04-07T22:31:51Z,https://yukon.ca/en/travel-expense-report-federal-provincial-and-territorial-agriculture-ministers-conference-july-18-20,2744
2026-04-07T22:31:52Z,https://yukon.ca/en/travel-expense-report-federal-provincial-territorial-immigration-ministers-july-12-13-2018,3033
2026-04-07T22:31:53Z,https://yukon.ca/en/travel-expense-report-council-ministers-education-conference-june-29-july-06-2018,2560
2026-04-07T22:31:54Z,https://yukon.ca/en/travel-expense-report-finance-ministers-meeting-june-24-27-2018,2741
2026-04-07T22:31:55Z,https://yukon.ca/en/travel-expense-report-federal-provincial-and-territorial-ministerial-tourism-industry-trade-mission,2932
2026-04-07T22:31:56Z,https://yukon.ca/en/travel-expense-report-federal-provincial-and-territorial-meeting-ministers-culture-and-heritage-june,2703
2026-04-07T22:31:57Z,https://yukon.ca/en/travel-expense-report-national-inquiry-missing-and-murdered-indigenous-women-and-girls-expert,2511
2026-04-07T22:31:58Z,https://yukon.ca/en/travel-expense-report-celebration-2018-respect-weigh-your-words-june-8-10-2018,2644
2026-04-07T22:31:59Z,https://yukon.ca/en/travel-expense-report-energy-star-awards-opening-toronto-stock-exchange-premiers-keynote-speech,3714
2026-04-07T22:32:01Z,https://yukon.ca/en/travel-expense-report-federal-provincial-and-territorial-meeting-emergency-management-may-23-25-2018,3024
2026-04-07T22:32:02Z,https://yukon.ca/en/travel-expense-report-western-premiers-conference-may-21-23-2018,2769
2026-04-07T22:32:04Z,https://yukon.ca/en/travel-expense-report-rendezvous-canada-may-13-17-2018,2666
2026-04-07T22:32:05Z,https://yukon.ca/en/travel-expense-report-organisation-economic-co-operation-and-development-social-policy-forum-may-12,2490
2026-04-07T22:32:06Z,https://yukon.ca/en/travel-expense-report-governor-generals-canadian-leadership-conference-may-3-6-2018,2559
2026-04-07T22:32:07Z,https://yukon.ca/en/travel-expense-report-western-canada-transportation-forum-may-2-4-2018,2393
2026-04-07T22:32:08Z,https://yukon.ca/en/travel-expense-report-northern-premiers-conference-april-30-may-4-2018,2785
2026-04-07T22:32:09Z,https://yukon.ca/en/travel-expense-report-british-columbia-first-nations-health-authority-meeting-april-26-27,2469
2026-04-07T22:32:10Z,https://yukon.ca/en/travel-expense-report-porcupine-caribou-summit-and-federal-provincial-and-territorial-ministers,2932
2026-04-07T22:32:11Z,https://yukon.ca/en/travel-expense-report-destination-canada-indigenous-tourism-association-canada-travel-yukons-agency,2852
2026-04-07T22:32:12Z,https://yukon.ca/en/prospectors-and-developers-association-canada-international-convention-trade-show-and-investors,2640
2026-04-07T22:32:13Z,https://yukon.ca/en/travel-expense-reports-meeting-pan-territorial-issues-february-27-28-2018,2318
2026-04-07T22:32:14Z,https://yukon.ca/en/meetings-canadian-association-liquor-jurisdictions-february-6-2018,2210
2026-04-07T22:32:15Z,https://yukon.ca/en/travel-expense-report-yukon-days-february-2-9-2018,5364
2026-04-07T22:32:16Z,https://yukon.ca/en/travel-expense-report-annual-meeting-canadas-federal-provincial-and-territorial-transportation-and,2496
2026-04-07T22:32:17Z,https://yukon.ca/en/travel-expense-report-emergency-federal-provincial-and-territorial-meeting-indigenous-child-and,2918
2026-04-07T22:32:18Z,https://yukon.ca/en/travel-expense-report-yukon-university-meeting-january-23-24-2018,2341
2026-04-07T22:32:20Z,https://yukon.ca/en/travel-expense-report-meeting-minister-chagger-january-22-25-2018,2284
2026-04-07T22:32:21Z,https://yukon.ca/en/travel-expense-report-mineral-exploration-roundup-january-19-25-2018,3956
2026-04-07T22:32:22Z,https://yukon.ca/en/your-government/performance-and-finance/find-minister-travel-expense-reports/travel-expense-report,8090
2026-04-07T22:32:23Z,https://yukon.ca/en/your-government/performance-and-finance/find-minister-travel-expense-reports/travel-expense-report-0,7817
2026-04-07T22:32:25Z,https://yukon.ca/en/your-government/performance-and-finance/find-minister-travel-expense-reports/travel-expense-33,8089
2026-04-07T22:32:26Z,https://yukon.ca/en/your-government/performance-and-finance/find-minister-travel-expense-reports/travel-expense-19,7850
2026-04-07T22:32:27Z,https://yukon.ca/en/your-government/performance-and-finance/find-minister-travel-expense-reports/travel-expense-14,7450
2026-04-07T22:32:28Z,https://yukon.ca/en/your-government/performance-and-finance/find-minister-travel-expense-reports/travel-expense-22,7996
2026-04-07T22:32:30Z,https://yukon.ca/en/your-government/performance-and-finance/find-minister-travel-expense-reports/travel-expense-17,8627
2026-04-07T22:32:31Z,https://yukon.ca/en/your-government/performance-and-finance/find-minister-travel-expense-reports/travel-expense-21,7814
2026-04-07T22:32:32Z,https://yukon.ca/en/your-government/performance-and-finance/find-minister-travel-expense-reports/travel-expense-reports,7979
2026-04-07T22:32:33Z,https://yukon.ca/en/your-government/performance-and-finance/find-minister-travel-expense-reports/travel-expense-39,7937
2026-04-07T22:32:34Z,https://yukon.ca/en/your-government/performance-and-finance/find-minister-travel-expense-reports/travel-expense-28,8000
2026-04-07T22:32:36Z,https://yukon.ca/en/your-government/performance-and-finance/find-minister-travel-expense-reports/travel-expense-34,7965
2026-04-07T22:32:37Z,https://yukon.ca/en/your-government/performance-and-finance/find-minister-travel-expense-reports/travel-expense-report-7,8643
2026-04-07T22:32:38Z,https://yukon.ca/en/your-government/performance-and-finance/find-minister-travel-expense-reports/travel-expense-36,7823
2026-04-07T22:32:40Z,https://yukon.ca/en/your-government/performance-and-finance/find-minister-travel-expense-reports/travel-expense-27,7934
2026-04-07T22:32:41Z,https://yukon.ca/en/your-government/performance-and-finance/find-minister-travel-expense-reports/travel-expense-12,8528
2026-04-07T22:32:42Z,https://yukon.ca/en/your-government/performance-and-finance/find-minister-travel-expense-reports/travel-expense-30,7923
2026-04-07T22:32:43Z,https://yukon.ca/en/your-government/performance-and-finance/find-minister-travel-expense-reports/travel-expense-report-1,7779
2026-04-07T22:32:44Z,https://yukon.ca/en/your-government/performance-and-finance/find-minister-travel-expense-reports/travel-expense-13,8123
2026-04-07T22:32:46Z,https://yukon.ca/en/your-government/performance-and-finance/find-minister-travel-expense-reports/travel-expense-15,7966
2026-04-07T22:32:47Z,https://yukon.ca/en/your-government/performance-and-finance/find-minister-travel-expense-reports/travel-expense-report-8,7896
2026-04-07T22:32:48Z,https://yukon.ca/en/your-government/performance-and-finance/find-minister-travel-expense-reports/travel-expense-report-4,7638
2026-04-07T22:32:50Z,https://yukon.ca/en/your-government/performance-and-finance/find-minister-travel-expense-reports/travel-expense-38,8382
2026-04-07T22:32:51Z,https://yukon.ca/en/your-government/performance-and-finance/find-minister-travel-expense-reports/travel-expense-29,8167
2026-04-07T22:32:52Z,https://yukon.ca/en/your-government/performance-and-finance/find-minister-travel-expense-reports/travel-expense-35,7770
2026-04-07T22:32:53Z,https://yukon.ca/en/your-government/performance-and-finance/find-minister-travel-expense-reports/travel-expense-23,7898
2026-04-07T22:32:54Z,https://yukon.ca/en/your-government/performance-and-finance/find-minister-travel-expense-reports/travel-expense-20,8182
2026-04-07T22:32:56Z,https://yukon.ca/en/your-government/performance-and-finance/find-minister-travel-expense-reports/travel-expense-report-3,8526
2026-04-07T22:32:57Z,https://yukon.ca/en/your-government/performance-and-finance/find-minister-travel-expense-reports/travel-expense-report-2,7864
2026-04-07T22:32:57Z,https://yukon.ca/en/your-government/performance-and-finance/find-minister-travel-expense-reports/travel-expense-43,7896
2026-04-07T22:32:59Z,https://yukon.ca/en/your-government/performance-and-finance/find-minister-travel-expense-reports/travel-expense-report-6,7729
2026-04-07T22:32:59Z,https://yukon.ca/en/your-government/performance-and-finance/find-minister-travel-expense-reports/travel-expense-42,7638
2026-04-07T22:33:01Z,https://yukon.ca/en/your-government/performance-and-finance/find-minister-travel-expense-reports/travel-expense-16,7238
2026-04-07T22:33:02Z,https://yukon.ca/en/your-government/performance-and-finance/find-minister-travel-expense-reports/travel-expense-report-9,7732
2026-04-07T22:33:03Z,https://yukon.ca/en/your-government/performance-and-finance/find-minister-travel-expense-reports/travel-expense-25,7710
2026-04-07T22:33:04Z,https://yukon.ca/en/your-government/performance-and-finance/find-minister-travel-expense-reports/travel-expense-45,8643
2026-04-07T22:33:05Z,https://yukon.ca/en/your-government/performance-and-finance/find-minister-travel-expense-reports/travel-expense-24,7560
2026-04-07T22:33:05Z,https://yukon.ca/en/your-government/performance-and-finance/find-minister-travel-expense-reports/travel-expense-26,7732
2026-04-07T22:33:06Z,https://yukon.ca/en/your-government/performance-and-finance/find-minister-travel-expense-reports/travel-expense-44,7779
2026-04-07T22:33:06Z,https://yukon.ca/en/your-government/performance-and-finance/find-minister-travel-expense-reports/travel-expense-46,7817
2026-04-07T22:33:07Z,https://yukon.ca/en/your-government/performance-and-finance/find-minister-travel-expense-reports/travel-expense-40,7864
2026-04-07T22:33:08Z,https://yukon.ca/en/your-government/performance-and-finance/find-minister-travel-expense-reports/travel-expense-31,7640
2026-04-07T22:33:10Z,https://yukon.ca/en/your-government/performance-and-finance/find-minister-travel-expense-reports/travel-expense-report-5,7957
2026-04-07T22:33:11Z,https://yukon.ca/en/your-government/performance-and-finance/find-minister-travel-expense-reports/travel-expense-32,7729
2026-04-07T22:33:12Z,https://yukon.ca/en/your-government/performance-and-finance/find-minister-travel-expense-reports/travel-expense-41,8526
2026-04-07T22:33:13Z,https://yukon.ca/en/your-government/performance-and-finance/find-minister-travel-expense-reports/travel-expense-11,8301
2026-04-07T22:33:14Z,https://yukon.ca/en/your-government/performance-and-finance/find-minister-travel-expense-reports/travel-expense-37,7816
2026-04-07T22:33:15Z,https://yukon.ca/en/travel-expense-report-federal-provincial-and-territorial-agriculture-conference-september-6-september-10,18243
2026-04-07T22:33:16Z,https://yukon.ca/fr/frais-de-deplacement-pour-la-rencontre-des-ministres-responsables-du-logement-federal-provinciaux-et-territoriaux-7-au-13-septembre,2460
2026-04-07T22:33:17Z,https://yukon.ca/fr/frais-de-deplacement-pour-le-sommet-intergouvernemental-sur-lenergie-du-17-au-20-septembre,2445
2026-04-07T22:33:18Z,https://yukon.ca/fr/ceremonie-de-lordre-de-la-colombie-britannique-du-18-au-21-septembre,2424
2026-04-07T22:33:19Z,https://yukon.ca/fr/frais-de-deplacement-pour-la-rencontre-avec-la-secretaire-parlementaire-de-la-ministre-des-femmes-du-6-au-10-aout,2540
2026-04-07T22:33:20Z,https://yukon.ca/fr/frais-de-deplacement-pour-la-rencontre-des-ministres-federal-provinciaux-et-territoriaux-responsables-du-sport-les-jeux-dete-du-canada-et-les-reunions-sur-la-securite-dans-larctique-et-le-raccordement-au-reseau-electrique-du-6-au-15-aout,2990
2026-04-07T22:33:21Z,https://yukon.ca/fr/frais-de-deplacement-pour-les-reunions-sur-le-developpement-economique-le-21-aout,2386
2026-04-07T22:33:22Z,https://yukon.ca/fr/frais-de-deplacement-lies-la-signature-de-laccord-intertransporteurs-avec-china-airlines-du-24-au-31-aout,2770
2026-04-07T22:33:24Z,https://yukon.ca/fr/frais-de-deplacement-des-participants-aux-reunions-du-comite-du-commerce-interieur-et-sur-la-proposition-de-raccordement-au-reseau-electrique-de-la-colombie-britannique-du-3-au-10-juillet,2667
2026-04-07T22:33:25Z,https://yukon.ca/fr/frais-de-deplacement-pour-les-reunions-des-ministres-federales-provinciales-et-territoriales-responsables-de-la-condition-feminine-du-7-au-11-juillet,2625
2026-04-07T22:33:26Z,https://yukon.ca/fr/frais-de-deplacement-des-participants-la-conference-des-ministres-de-lenergie-et-des-mines-du-8-au-12-juillet,2946
2026-04-07T22:33:27Z,https://yukon.ca/fr/frais-de-deplacement-pour-le-conseil-de-la-federation-du-19-au-25-juillet,2837
2026-04-07T22:33:28Z,https://yukon.ca/fr/frais-de-deplacement-pour-des-rencontres-liees-au-raccordement-du-reseau-electrique-du-20-au-25-juillet,14316
2026-04-07T22:33:29Z,https://yukon.ca/fr/node/28878,2437
2026-04-07T22:33:29Z,https://yukon.ca/fr/frais-de-deplacement-pour-les-reunions-des-ministres-federales-provinciales-et-territoriales-responsables-de-la-condition-feminine-du-7-au-11-juillet,2625
2026-04-07T22:33:30Z,https://yukon.ca/fr/frais-de-deplacement-pour-les-rencontres-des-premiers-ministres-du-1r-au-3-juin,3129
2026-04-07T22:33:31Z,https://yukon.ca/fr/frais-de-deplacement-pour-le-salon-global-energy-show-du-10-au-12-juin,2383
2026-04-07T22:33:32Z,https://yukon.ca/fr/frais-de-deplacement-pour-assister-des-reunions-sur-le-developpement-economique-les-23-et-24-juin,2428
2026-04-07T22:33:33Z,https://yukon.ca/fr/frais-de-deplacement-au-conseil-des-ministres-sur-la-francophonie-canadienne-du-25-au-27-juin,2573
2026-04-07T22:33:34Z,https://yukon.ca/en/travel-expense-report-toronto-and-ottawa-meetings-may-8-18,18831
2026-04-07T22:33:35Z,https://yukon.ca/en/travel-expense-report-arctic-inspiration-prize-may-11-15,20853
2026-04-07T22:33:36Z,https://yukon.ca/fr/frais-de-deplacement-des-participants-la-conference-des-premiers-ministres-de-louest-canadien-du-20-au-25-mai,2850
2026-04-07T22:33:37Z,https://yukon.ca/fr/frais-de-deplacement-des-participants-au-salon-cansec-2025-du-26-au-30-mai,2576
2026-04-07T22:33:38Z,https://yukon.ca/en/travel-expense-report-leaders-conference-april-3-5,18614
2026-04-07T22:33:38Z,https://yukon.ca/en/travel-expense-report-pdac-march-1-5,18672
2026-04-07T22:33:39Z,https://yukon.ca/en/travel-expense-report-first-ministers-meetings-march-20-22,24931
2026-04-07T22:33:40Z,https://yukon.ca/en/travel-expense-report-mission-washington-february-9-16,25833
2026-04-07T22:33:41Z,https://yukon.ca/en/travel-expense-report-committee-internal-trade-february-27-march-2,18841
2026-04-07T22:33:42Z,https://yukon.ca/fr/frais-de-deplacement-pour-les-rencontres-des-premiers-ministres-du-12-au-16-janvier,9364
2026-04-07T22:33:43Z,https://yukon.ca/fr/frais-de-deplacement-pour-le-congres-roundup-du-18-au-26-janvier,15182
2026-04-07T22:33:44Z,https://yukon.ca/en/travel-expense-report-committee-internal-trade-january-30-february-5,18984
2026-04-07T22:33:44Z,https://yukon.ca/en/travel-expense-report-yukon-days-december-1-18,40066
2026-04-07T22:33:45Z,https://yukon.ca/en/travel-expense-report-funeral-former-bc-premier-john-horgan-december-14-16,18818
2026-04-07T22:33:46Z,https://yukon.ca/en/travel-expense-report-council-federation-winter-meetings-december-13-19,24168
2026-04-07T22:33:47Z,https://yukon.ca/en/travel-expense-report-us-relations-meetings-december-18-23,22769
2026-04-07T22:33:48Z,https://yukon.ca/en/travel-expense-report-federal-provincial-and-territorial-ministers-early-learning-and-child-care,20689
2026-04-07T22:33:49Z,https://yukon.ca/fr/frais-de-deplacement-pour-des-rencontres-avec-des-ministres-federaux-du-12-au-20-septembre,3461
2026-04-07T22:33:50Z,https://yukon.ca/fr/frais-de-deplacement-pour-le-sommet-annuel-de-la-region-economique-du-nord-ouest-du-pacifique-du-1,13089
2026-04-07T22:33:51Z,https://yukon.ca/fr/frais-de-deplacement-pour-le-conseil-de-la-federation-du-15-au-17-juillet-2024,4255
2026-04-07T22:33:52Z,https://yukon.ca/fr/frais-de-deplacement-pour-une-reunion-de-developpement-des-affaires-le-31-juillet,2580
2026-04-07T22:33:53Z,https://yukon.ca/fr/frais-de-deplacement-pour-linauguration-du-quai-mineralier-le-27-juin,5545
2026-04-07T22:33:54Z,https://yukon.ca/fr/frais-de-deplacement-pour-lassemblee-generale-annuelle-des-ministres-provinciaux-et-territoriaux,9169
2026-04-07T22:33:55Z,https://yukon.ca/fr/frais-de-deplacement-pour-la-rencontre-des-ministres-federal-provinciaux-et-territoriaux-2,4109
2026-04-07T22:33:56Z,https://yukon.ca/fr/frais-de-deplacement-pour-le-voyage-de-la-delegation-londres-du-6-au-15-juin,4235
2026-04-07T22:33:57Z,https://yukon.ca/fr/frais-de-deplacement-pour-des-rencontres-diplomatiques-du-12-au-14-juin,4507
2026-04-07T22:33:59Z,https://yukon.ca/fr/frais-de-deplacement-pour-le-sommet-du-groupe-eurasia-des-rencontres-diplomatiques-et-le-congres,5350
2026-04-07T22:34:00Z,https://yukon.ca/fr/frais-de-deplacement-pour-assister-la-commemoration-du-jour-j-du-4-au-8-juin,4198
2026-04-07T22:34:01Z,https://yukon.ca/fr/frais-de-deplacement-pour-assister-la-reunion-du-conseil-canadien-des-ministres-des-forets-du-2-au-5,4645
2026-04-07T22:34:02Z,https://yukon.ca/fr/frais-de-deplacement-pour-le-forum-des-premiers-ministres-du-nord-du-4-au-10-mai-2024,5337
2026-04-07T22:34:03Z,https://yukon.ca/fr/frais-de-deplacement-pour-participer-au-symposium-arctic-encounter-du-11-au-13-avril-2024,4923
2026-04-07T22:34:04Z,https://yukon.ca/fr/frais-de-deplacement-pour-la-rencontre-des-ministres-federaux-provinciaux-et-territoriaux-responsables-du-travail-du-5-au-7-avril,6651
2026-04-07T22:34:05Z,https://yukon.ca/fr/frais-de-deplacement-pour-assister-aux-funerailles-de-brian-mulroney-du-21-au-24-mars-2024,4651
2026-04-07T22:34:06Z,https://yukon.ca/fr/frais-de-deplacement-pour-la-rencontre-des-ministres-montreal-du-21-au-25-fevrier-2024,2771
2026-04-07T22:34:07Z,https://yukon.ca/en/travel-expense-report-meeting-minister-wilkinson-january-4-january-5-2024,2649
2026-04-07T22:34:08Z,https://yukon.ca/fr/frais-de-deplacement-pour-une-rencontre-entre-le-premier-ministre-et-le-ministre-wilkinson-consul,3619
2026-04-07T22:34:09Z,https://yukon.ca/fr/frais-de-deplacement-du-ministre-silver-pour-assister-au-forum-sur-lexploration-miniere-du-19-au-25,3232
2026-04-07T22:34:10Z,https://yukon.ca/fr/frais-de-deplacement-pour-assister-au-congres-roundup-du-20-au-23-janvier-2024,3499
2026-04-07T22:34:11Z,https://yukon.ca/fr/frais-de-deplacement-pour-assister-au-congres-roundup-du-20-au-25-janvier-2024,3625
2026-04-07T22:34:12Z,https://yukon.ca/fr/frais-de-deplacement-pour-assister-au-congres-roundup-du-21-au-26-janvier-2024,2280
2026-04-07T22:34:13Z,https://yukon.ca/fr/frais-de-deplacement-pour-la-rencontre-des-ministres-des-finances-provincialterritorialfederal-du-11,2927
2026-04-07T22:34:14Z,https://yukon.ca/fr/frais-de-deplacement-pour-la-participation-du-ministre-mostyn-aux-journees-du-yukon-du-2-au-6-decembre-2023,4553
2026-04-07T22:34:16Z,https://yukon.ca/fr/frais-de-deplacement-pour-la-participation-aux-journees-du-yukon-du-2-au-7-decembre-2023,2314
2026-04-07T22:34:17Z,https://yukon.ca/fr/frais-de-deplacement-du-ministre-streicker-pour-la-participation-aux-journees-du-yukon-du-3-au-8-decembre-2023,4177
2026-04-07T22:34:18Z,https://yukon.ca/fr/frais-de-deplacement-du-ministre-clarke-pour-les-journees-du-yukon-du-2-au-8-decembre-2023,2358
2026-04-07T22:34:19Z,https://yukon.ca/fr/frais-de-deplacement-du-premier-ministre-ranj-pillai-pour-les-journees-du-yukon-et-une-rencontre,3698
2026-04-07T22:34:20Z,https://yukon.ca/fr/frais-de-deplacement-rencontrer-le-cabinet-ministeriel-de-la-colombie-britannique-et-des-leaders-des,2259
2026-04-07T22:34:22Z,https://yukon.ca/fr/frais-de-deplacement-pour-la-rencontre-du-conseil-de-la-federation-du-3-au-7-novembre-2023,3349
2026-04-07T22:34:23Z,https://yukon.ca/fr/frais-de-deplacement-pour-la-mission-en-europe-du-24-au-30-novembre-2023,3641
2026-04-07T22:34:24Z,https://yukon.ca/fr/frais-de-deplacement-pour-assister-au-forum-de-banff-du-20-octobre-2023,2607
2026-04-07T22:34:25Z,https://yukon.ca/fr/rencontre-ministerielle-avec-le-premier-ministre-david-eby-du-27-au-29-octobre-2023,3436
2026-04-07T22:34:27Z,https://yukon.ca/fr/frais-de-deplacement-pour-participer-la-mission-commerciale-en-asie-du-7-au-24-septembre-2023,3608
2026-04-07T22:34:28Z,https://yukon.ca/fr/frais-de-deplacement-pour-assister-la-reunion-des-ministres-federaux-tenue-du-20-au-22-septembre,2044
2026-04-07T22:34:30Z,https://yukon.ca/fr/frais-de-deplacement-pour-participer-au-denver-gold-forum-du-11-au-21-septembre-2023,2590
2026-04-07T22:34:31Z,https://yukon.ca/fr/frais-de-deplacement-pour-le-forum-sur-la-lutte-contre-la-violence-fondee-sur-le-genre-du-5-au-7,3196
2026-04-07T22:34:32Z,https://yukon.ca/fr/frais-de-deplacement-pour-participer-la-mission-commerciale-en-asie-du-7-au-13-septembre-2023,2983
2026-04-07T22:34:33Z,https://yukon.ca/fr/frais-de-deplacement-pour-les-rencontres-annuelles-des-ministres-du-1er-au-7-septembre-2023,4730
2026-04-07T22:34:34Z,https://yukon.ca/fr/frais-de-deplacement-pour-la-conference-des-ministres-de-lenergie-et-des-mines-du-27-aout-au-1er,2980
2026-04-07T22:34:35Z,https://yukon.ca/fr/frais-de-deplacement-pour-une-visite-qikiqtaruk-du-21-au-23-aout-2023,2419
2026-04-07T22:34:36Z,https://yukon.ca/fr/frais-de-deplacement-pour-la-signature-de-laccord-de-la-zone-extracotiere-le-10-aout-2023,3480
2026-04-07T22:34:38Z,https://yukon.ca/fr/frais-de-deplacement-pour-la-reunion-annuelle-des-ministres-federal-provinciaux-et-territoriaux,3069
2026-04-07T22:34:39Z,https://yukon.ca/fr/frais-de-deplacement-pour-les-festivites-de-haa-kusteeyi-du-29-au-30-juillet-2023,2563
2026-04-07T22:34:40Z,https://yukon.ca/fr/frais-de-deplacement-pour-le-125e-anniversaire-du-chemin-de-fer-white-pass-yukon-route-du-29-au-30,2790
2026-04-07T22:34:41Z,https://yukon.ca/fr/frais-de-deplacement-pour-la-rencontre-du-conseil-canadien-des-ministres-de-lenvironnement-du-25-au,2824
2026-04-07T22:34:42Z,https://yukon.ca/fr/frais-de-deplacement-pour-une-rencontre-avec-le-premier-ministre-de-la-nouvelle-ecosse-les-25-et-26,2987
2026-04-07T22:34:43Z,https://yukon.ca/fr/frais-de-deplacement-pour-la-rencontre-des-ministres-federal-provinciaux-et-territoriaux-de-lagriculture-du-18-au-22-juillet-2023,3300
2026-04-07T22:34:44Z,https://yukon.ca/en/travel-expense-report-2023-north-american-indigenous-games-july-14-july-17-2023,2881
2026-04-07T22:34:45Z,https://yukon.ca/fr/frais-de-deplacement-pour-le-sommet-annuel-de-la-region-economique-du-nord-ouest-du-pacifique-du-14,3356
2026-04-07T22:34:46Z,https://yukon.ca/fr/frais-de-deplacement-pour-la-reunion-des-ministres-des-gouvernements-territoriaux-provinciaux-et-0,3082
2026-04-07T22:34:47Z,https://yukon.ca/fr/frais-de-deplacement-pour-la-reunion-du-conseil-des-ministres-de-leducation-canada-du-11-au-14,2939
2026-04-07T22:34:48Z,https://yukon.ca/fr/frais-de-deplacement-pour-la-rencontre-estivale-du-conseil-de-la-federation-du-9-au-13-juillet-2023,3645
2026-04-07T22:34:49Z,https://yukon.ca/fr/frais-de-deplacement-pour-la-conference-du-conseil-des-ministres-sur-la-francophonie-canadienne-du-5,2991
2026-04-07T22:34:50Z,https://yukon.ca/fr/frais-de-deplacement-pour-la-rencontre-des-ministres-federal-provinciaux-et-territoriaux-0,3074
2026-04-07T22:34:51Z,https://yukon.ca/fr/frais-de-deplacement-pour-la-conference-des-premiers-ministres-de-louest-canadien-du-25-au-27-juin,3239
2026-04-07T22:34:52Z,https://yukon.ca/en/travel-expense-report-fpt-ministers-infrastructure-meeting-june-19-23-2023,2804
2026-04-07T22:34:53Z,https://yukon.ca/fr/frais-de-deplacement-pour-la-rencontre-des-ministres-federal-provinciaux-et-territoriaux-1,2871
2026-04-07T22:34:54Z,https://yukon.ca/fr/frais-de-deplacement-pour-la-rencontre-des-ministres-provinciaux-et-territoriaux-responsables-des-0,2979
2026-04-07T22:34:55Z,https://yukon.ca/fr/frais-de-deplacement-pour-la-rencontre-avec-relations-couronne-autochtones-et-affaires-du-nord,3018
2026-04-07T22:34:56Z,https://yukon.ca/en/travel-expense-report-rendezvous-canada-may-28-june-1-2023,2690
2026-04-07T22:34:58Z,https://yukon.ca/fr/frais-de-deplacement-pour-le-forum-des-premiers-ministres-du-nord-du-16-au-17-mai-2023,3707
2026-04-07T22:34:59Z,https://yukon.ca/fr/frais-de-deplacement-pour-des-rencontres-ministerielles-du-3-au-6-mai-2023,2474
2026-04-07T22:35:00Z,https://yukon.ca/fr/frais-de-deplacement-pour-les-reunions-avec-le-premier-ministre-ford-et-des-intervenants-du-30-avril,4268
2026-04-07T22:35:01Z,https://yukon.ca/fr/frais-de-deplacement-pour-la-rencontre-avec-air-north-du-6-au-8-avril-2023,2837
2026-04-07T22:35:02Z,https://yukon.ca/fr/frais-de-deplacement-pour-une-rencontre-avec-une-premiere-nation-le-17-mars-2023,3026
2026-04-07T22:35:03Z,https://yukon.ca/fr/frais-de-deplacement-pour-les-jeux-dhiver-du-canada-2023-du-15-au-20-fevrier-2023,2822
2026-04-07T22:35:04Z,https://yukon.ca/fr/frais-de-deplacement-du-premier-ministre-et-ministre-du-developpement-economique-pour-des-reunions,3862
2026-04-07T22:35:06Z,https://yukon.ca/fr/frais-de-deplacement-pour-la-reunion-des-ministres-federal-provinciaux-et-territoriaux-des-finances,2609
2026-04-07T22:35:06Z,https://yukon.ca/en/travel-expense-report-vric-meetings-january-29-30-2023,2439
2026-04-07T22:35:08Z,https://yukon.ca/fr/frais-de-deplacement-pour-les-jeux-dhiver-du-canada-2023-du-28-au-31-janvier-2023,2695
2026-04-07T22:35:09Z,https://yukon.ca/fr/frais-de-deplacement-pour-la-vancouver-resource-investment-conference-du-28-au-30-janvier-2023,2622
2026-04-07T22:35:10Z,https://yukon.ca/fr/frais-de-deplacement-pour-le-forum-sur-lexploration-miniere-de-lassociation-mineral-exploration-du,4930
2026-04-07T22:35:11Z,https://yukon.ca/fr/frais-de-voyage-pour-le-colloque-fpt-sur-la-confiance-numerique-et-la-cybersecurite-du-20-au-26,3104
2026-04-07T22:35:12Z,https://yukon.ca/fr/frais-de-deplacement-pour-la-participation-aux-ateliers-de-negociation-autochtones-daffinity-north,2567
2026-04-07T22:35:13Z,https://yukon.ca/fr/frais-de-deplacement-pour-la-delegation-canadienne-la-cop15-la-convention-sur-la-diversite,2929
2026-04-07T22:35:14Z,https://yukon.ca/fr/frais-de-deplacement-pour-la-reunion-des-ministres-federal-provinciaux-et-territoriaux-1,2986
2026-04-07T22:35:15Z,https://yukon.ca/fr/frais-de-deplacement-pour-participer-aux-journees-du-yukon-la-reunion-annuelle-du-comite-du-commerce,3489
2026-04-07T22:35:16Z,https://yukon.ca/fr/frais-de-deplacement-pour-participer-aux-journees-du-yukon-du-3-au-8-decembre-2022,3029
2026-04-07T22:35:17Z,https://yukon.ca/fr/frais-de-deplacement-pour-les-journees-du-yukon-et-les-rencontres-bilaterales-avec-le-gouvernement,3369
2026-04-07T22:35:18Z,https://yukon.ca/en/travel-expense-report-ministerial-meetings-november-27-to-december-1-2022,2212
2026-04-07T22:35:19Z,https://yukon.ca/fr/frais-de-deplacement-pour-la-reunion-des-ministres-federal-provinciaux-et-territoriaux-de-la-sante,3298
2026-04-07T22:35:20Z,https://yukon.ca/fr/frais-de-deplacement-pour-des-reunions-sur-le-tourisme-le-logement-et-les-infrastructures-du-4-au-6,2455
2026-04-07T22:35:21Z,https://yukon.ca/fr/frais-de-deplacement-pour-la-conference-carbon-capture-canada-du-19-au-22-septembre-2022,2372
2026-04-07T22:35:23Z,https://yukon.ca/fr/frais-de-deplacement-pour-participer-des-reunions-sur-lexploitation-des-metaux-precieux-et-de-lor-du,2688
2026-04-07T22:35:24Z,https://yukon.ca/fr/frais-de-deplacement-pour-le-forum-du-cercle-arctique-au-groenland-du-23-au-30-aout-2022,3754
2026-04-07T22:35:25Z,https://yukon.ca/fr/frais-de-deplacement-pour-assister-aux-jeux-dete-du-canada-du-3-au-8-aout-2022,2455
2026-04-07T22:35:26Z,https://yukon.ca/fr/frais-de-deplacement-pour-le-sommet-de-la-region-economique-du-nord-ouest-du-pacifique-du-21-au-31,3850
2026-04-07T22:35:27Z,https://yukon.ca/fr/frais-de-deplacement-pour-la-visite-du-ministre-aklavik-et-lile-herschel-du-11-au-16-juillet-2022,3150
2026-04-07T22:35:28Z,https://yukon.ca/fr/frais-de-deplacement-pour-la-rencontre-des-ministres-federal-provinciaux-et-territoriaux-fpt,2610
2026-04-07T22:35:29Z,https://yukon.ca/fr/frais-de-deplacement-pour-la-rencontre-federale-provinciale-territoriale-des-ministres-0,2769
2026-04-07T22:35:30Z,https://yukon.ca/fr/frais-de-deplacement-pour-la-participation-au-conseil-de-la-federation-du-7-au-13-juillet-2022,3129
2026-04-07T22:35:31Z,https://yukon.ca/fr/frais-de-deplacement-pour-la-conference-des-ministres-de-lenergie-et-des-mines-du-5-au-9-juillet,2465
2026-04-07T22:35:32Z,https://yukon.ca/fr/frais-de-deplacement-pour-la-conference-du-conseil-des-ministres-de-leducation-du-canada-du-4-au-6,2438
2026-04-07T22:35:33Z,https://yukon.ca/fr/frais-de-deplacement-pour-assister-la-fete-de-lindependance-4-juillet-2022,2583
2026-04-07T22:35:34Z,https://yukon.ca/fr/frais-de-deplacement-pour-des-reunions-propos-dun-film-de-developpement-economique-du-29-juin-au-2,2448
2026-04-07T22:35:36Z,https://yukon.ca/fr/frais-de-deplacement-pour-des-rencontres-avec-des-ministres-federaux-et-la-reunion-au-sommet-des,2997
2026-04-07T22:35:37Z,https://yukon.ca/fr/frais-de-deplacement-pour-la-conference-et-les-reunions-de-lacpe-ottawa-et-new-york-du-12-au-17-juin,2760
2026-04-07T22:35:38Z,https://yukon.ca/fr/frais-de-deplacement-pour-la-conference-de-lacpe-du-12-au-15-juin-2022,2898
2026-04-07T22:35:39Z,https://yukon.ca/fr/frais-de-deplacement-pour-la-reunion-des-ministre-federal-provinciaux-et-territoriaux-de-la-sante-du,2833
2026-04-07T22:35:40Z,https://yukon.ca/fr/frais-de-deplacement-pour-la-conference-des-premiers-ministres-de-louest-du-25-au-30-mai,3153
2026-04-07T22:35:41Z,https://yukon.ca/fr/frais-de-deplacement-pour-la-visite-du-chantier-du-projet-dagrandissement-de-la-centrale,2551
2026-04-07T22:35:42Z,https://yukon.ca/fr/frais-de-deplacement-pour-la-vancouver-resource-investment-conference-et-le-forum-sur-lexploration-0,2804
2026-04-07T22:35:43Z,https://yukon.ca/fr/frais-de-deplacement-pour-le-vol-inaugural-dair-north-et-des-reunions-avec-le-premier-ministre-et,4336
2026-04-07T22:35:44Z,https://yukon.ca/fr/frais-de-deplacement-pour-le-vol-inaugural-dair-north-et-des-reunions-avec-le-premier-ministre-et,4336
2026-04-07T22:35:45Z,https://yukon.ca/fr/frais-de-deplacement-pour-la-rencontre-des-ministres-federal-provinciaux-et-territoriaux-de,2835
2026-04-07T22:35:46Z,https://yukon.ca/fr/frais-de-deplacement-pour-le-forum-de-lautomne-des-membres-de-westac-du-7-au-12-decembre-2021,2452
2026-04-07T22:35:47Z,https://yukon.ca/fr/frais-de-deplacement-pour-assister-des-rencontres-au-sujet-de-destination-canada-du-28-septembre-au,2659
2026-04-07T22:35:48Z,https://yukon.ca/fr/frais-de-deplacement-pour-la-conference-de-lassociation-canadienne-des-prospecteurs-et-entrepreneurs,3081
2026-04-07T22:35:50Z,https://yukon.ca/fr/frais-de-deplacement-pour-la-rencontre-federale-provinciale-territoriale-des-ministres-responsables,2929
2026-04-07T22:35:51Z,https://yukon.ca/fr/frais-de-deplacement-pour-la-rencontre-des-ministres-federaux-du-2-au-6-fevrier-2020,2931
2026-04-07T22:35:52Z,https://yukon.ca/fr/frais-de-deplacement-pour-la-rencontre-federale-provinciale-territoriale-des-ministres-de-la-justice,2731
2026-04-07T22:35:53Z,https://yukon.ca/en/travel-expense-report-ministers-meeting-early-learning-and-childcare-and-ame-roundup-january-19-24,2902
2026-04-07T22:35:54Z,https://yukon.ca/fr/frais-de-deplacement-pour-la-vancouver-resource-investment-conference-et-le-forum-sur-lexploration,3251
2026-04-07T22:35:55Z,https://yukon.ca/fr/frais-de-deplacement-pour-le-congres-impact-du-17-au-23-janvier-2020,2551
2026-04-07T22:35:56Z,https://yukon.ca/fr/frais-de-deplacement-pour-la-ceremonie-du-temple-de-la-renommee-du-secteur-minier-du-7-au-10-janvier,2408
2026-04-07T22:35:57Z,https://yukon.ca/fr/frais-de-deplacement-pour-la-rencontre-des-ministres-des-finances-les-16-et-17-decembre-2019,2373
2026-04-07T22:35:58Z,https://yukon.ca/fr/frais-de-deplacement-pour-les-rencontres-avec-les-ministres-federaux-du-8-au-12-decembre-2019,2524
2026-04-07T22:36:00Z,https://yukon.ca/fr/frais-de-deplacement-pour-la-reunion-du-conseil-de-la-federation-et-les-journees-du-yukon-du-1er-au,3330
2026-04-07T22:36:01Z,https://yukon.ca/fr/frais-de-deplacement-pour-la-reunion-des-ministres-federal-provinciaux-et-territoriaux-0,2465
2026-04-07T22:36:08Z,https://yukon.ca/fr/frais-de-deplacement-pour-les-journees-du-yukon-du-30-novembre-au-6-decembre-2019,3046
2026-04-07T22:36:09Z,https://yukon.ca/fr/frais-de-deplacement-pour-la-conference-du-world-town-planning-day-les-2-et-3-novembre-2019,3175
2026-04-07T22:36:15Z,https://yukon.ca/fr/frais-de-deplacement-pour-participer-la-ceremonie-dadieu-en-memoire-de-julie-lane-le-20-octobre-2019,2350
2026-04-07T22:36:17Z,https://yukon.ca/fr/frais-de-deplacement-pour-participer-au-forum-de-lor-de-denver-du-14-au-18-septembre-2019,2887
2026-04-07T22:36:20Z,https://yukon.ca/fr/frais-de-deplacement-pour-la-seance-de-travail-sur-le-port-de-skagway-8-aout-2019,2168
2026-04-07T22:36:22Z,https://yukon.ca/fr/frais-de-deplacement-pour-la-reunion-du-conseil-des-ministres-de-leducation-du-22-au-26-juillet-2019,4580
2026-04-07T22:36:23Z,https://yukon.ca/fr/frais-de-deplacement-pour-le-sommet-annuel-de-la-region-economique-du-nord-ouest-du-pacifique-du-0,4214
2026-04-07T22:36:24Z,https://yukon.ca/fr/rencontre-dans-le-cadre-de-la-conference-des-ministres-des-mines-et-de-lenergie-et-reunion-des,3439
2026-04-07T22:36:25Z,https://yukon.ca/fr/reunion-estivale-du-conseil-de-la-federation-du-7-au-11-juillet-2019,3529
2026-04-07T22:36:26Z,https://yukon.ca/fr/frais-de-deplacement-pour-la-participation-levaluation-dun-site-aux-fins-de-son-inscription-au,4283
2026-04-07T22:36:27Z,https://yukon.ca/fr/conference-des-premiers-ministres-de-louest-du-25-juin-au-1er-juillet-2019,3455
2026-04-07T22:36:28Z,https://yukon.ca/fr/reunion-des-ministres-federaux-du-16-au-20-juin-2019,2427
2026-04-07T22:36:29Z,https://yukon.ca/fr/reunion-des-ministres-federaux-et-rencontre-sur-lattraction-des-investissements-du-16-au-21-juin,2713
2026-04-07T22:36:30Z,https://yukon.ca/fr/rencontre-des-ministres-canadiens-responsables-du-tourisme-et-de-la-culture-du-15-au-20-juin-2019,2702
2026-04-07T22:36:32Z,https://yukon.ca/fr/rencontre-des-ministres-provinciaux-et-territoriaux-responsables-des-administrations-locales-du-10,3067
2026-04-07T22:36:33Z,https://yukon.ca/fr/conference-women-deliver-du-4-au-8-juin-2019,2671
2026-04-07T22:36:34Z,https://yukon.ca/fr/121-mining-investment-conferencecanadian-mining-symposium-du-19-au-27-mai,3214
2026-04-07T22:36:35Z,https://yukon.ca/fr/collision-conferencerencontre-propos-de-laccord-de-libre-echange-canadien-du-19-au-30-mai,2642
2026-04-07T22:36:36Z,https://yukon.ca/fr/forum-federal-provincial-et-territorial-des-ministres-responsables-des-aines-du-20-au-23-mai,2899
2026-04-07T22:36:37Z,https://yukon.ca/fr/rendez-vous-canada-du-22-au-29-mai-2019,2536
2026-04-07T22:36:38Z,https://yukon.ca/fr/rencontre-avec-lalaska-industrial-development-and-export-authority-et-la-municipalite-de-skagway-le,3851
2026-04-07T22:36:39Z,https://yukon.ca/fr/comite-federal-provincial-et-territorial-des-ministres-responsables-de-la-sante-et-des-affaires,2396
2026-04-07T22:36:41Z,https://yukon.ca/fr/frais-de-deplacement-pour-la-periode-du-27-fevrier-au-6-mars-2019-rencontres-avec-lassociation,3199
2026-04-07T22:36:42Z,https://yukon.ca/fr/frais-de-deplacement-pour-la-mission-en-alaska-du-17-au-20-fevrier-2019,2826
2026-04-07T22:36:43Z,https://yukon.ca/fr/frais-de-deplacement-pour-la-rencontre-des-ministres-federaux-territoriaux-et-provinciaux,2811
2026-04-07T22:36:44Z,https://yukon.ca/fr/frais-de-deplacement-pour-le-forum-national-des-directeurs-de-leducation-des-premieres-nations-du-12,2570
2026-04-07T22:36:45Z,https://yukon.ca/fr/frais-de-deplacement-pour-le-forum-sur-lexploration-miniere-2019-de-lassociation-mineral-exploration,3313
2026-04-07T22:36:46Z,https://yukon.ca/fr/frais-de-deplacement-pour-la-rencontre-federale-provinciale-territoriale-entre-les-ministres-et-les,2638
2026-04-07T22:36:47Z,https://yukon.ca/fr/frais-de-deplacement-pour-la-conference-impact-sur-la-durabilite-les-voyages-et-le-tourisme-et-forum,2691
2026-04-07T22:36:48Z,https://yukon.ca/fr/frais-de-deplacement-pour-la-periode-du-20-au-23-janvier-2019-vancouver-resource-investment,3155
2026-04-07T22:36:49Z,https://yukon.ca/fr/frais-de-deplacement-pour-la-rencontre-federale-provinciale-territoriale-des-dirigeants-des,2791
2026-04-07T22:36:50Z,https://yukon.ca/fr/frais-de-deplacement-pour-la-periode-du-9-au-12-janvier-2019-ceremonie-dintronisation-du-temple-de,3060
2026-04-07T22:36:51Z,https://yukon.ca/fr/frais-de-deplacement-pour-la-periode-du-9-au-12-decembre-2018-audience-de-lenquete-nationale-sur-les,2499
2026-04-07T22:36:52Z,https://yukon.ca/fr/frais-de-deplacement-pour-la-periode-du-2-au-6-decembre-2018-journees-du-yukon-conseil-canadien-des,3594
2026-04-07T22:36:54Z,https://yukon.ca/fr/frais-de-deplacement-pour-la-periode-du-30-novembre-au-7-decembre-2018-journees-du-yukon-conference,3080
2026-04-07T22:36:55Z,https://yukon.ca/fr/frais-de-deplacement-pour-la-periode-du-29-novembre-au-11-decembre-2018-journees-du-yukon-reunion,4269
2026-04-07T22:36:56Z,https://yukon.ca/fr/frais-de-deplacement-pour-la-periode-du-25-au-29-novembre-2018-enquete-nationale-sur-les-femmes-et,3218
2026-04-07T22:36:57Z,https://yukon.ca/fr/frais-de-deplacement-pour-la-rencontre-des-ministres-federaux-du-26-au-30-octobre-2018,2773
2026-04-07T22:36:58Z,https://yukon.ca/fr/frais-de-deplacement-pour-la-rencontre-federale-territoriale-provinciale-des-ministres-sur-le,2779
2026-04-07T22:37:00Z,https://yukon.ca/fr/frais-de-deplacement-pour-la-reunion-federale-provinciale-territoriale-des-ministres-responsables,2733
2026-04-07T22:37:01Z,https://yukon.ca/fr/frais-de-deplacement-pour-assister-aux-audiences-de-lenquete-nationale-sur-les-femmes-et-les-filles,2691
2026-04-07T22:37:03Z,https://yukon.ca/fr/frais-de-deplacement-pour-la-conference-de-lassociation-internationale-pour-la-participation,2572
2026-04-07T22:37:04Z,https://yukon.ca/fr/frais-de-deplacement-pour-le-conseil-canadien-des-ministres-des-forets-du-4-au-8-septembre-2018,2832
2026-04-07T22:37:05Z,https://yukon.ca/fr/frais-de-deplacement-pour-les-jeux-canadiens-des-55-ans-et-plus-du-17-au-19-aout-2018,2388
2026-04-07T22:37:06Z,https://yukon.ca/fr/frais-de-deplacement-pour-la-conference-des-ministres-de-lenergie-et-des-mines-et-larctic-indigenous-investment-conference-du-11-au-15-aout-2018,3011
2026-04-07T22:37:07Z,https://yukon.ca/fr/frais-de-deplacement-pour-les-jeux-nationaux-dolympiques-speciaux-du-30-juillet-au-5-aout-2018,2460
2026-04-07T22:37:08Z,https://yukon.ca/fr/frais-de-deplacement-pour-la-rencontre-panterritoriale-et-la-reunion-federale-provinciale,2439
2026-04-07T22:37:09Z,https://yukon.ca/fr/frais-de-deplacement-pour-le-sommet-annuel-de-la-region-economique-du-nord-ouest-du-pacifique-du-20,2637
2026-04-07T22:37:10Z,https://yukon.ca/fr/frais-de-deplacement-pour-la-reunion-du-conseil-de-la-federation-du-17-au-21-juillet-2018,3011
2026-04-07T22:37:11Z,https://yukon.ca/fr/frais-de-deplacement-pour-la-conference-des-ministres-de-lagriculture-des-gouvernements-du-canada,3008
2026-04-07T22:37:13Z,https://yukon.ca/fr/frais-de-deplacement-pour-la-reunion-federale-territoriale-provinciale-sur-limmigration-du-12-au-13,3076
2026-04-07T22:37:14Z,https://yukon.ca/fr/frais-de-deplacement-pour-la-conference-du-conseil-des-ministres-de-leducation-du-29-juin-au-6,2733
2026-04-07T22:37:18Z,https://yukon.ca/fr/frais-de-deplacement-pour-la-reunion-des-ministres-des-finances-du-24-au-27-juin-2018,2897
2026-04-07T22:37:19Z,https://yukon.ca/fr/frais-de-deplacement-pour-la-mission-commerciale-federale-provinciale-territoriale-des-ministres,3177
2026-04-07T22:37:20Z,https://yukon.ca/fr/frais-de-deplacement-pour-la-reunion-federale-provinciale-territoriale-des-ministres-responsables-1,2948
2026-04-07T22:37:21Z,https://yukon.ca/fr/frais-de-deplacement-pour-laudience-dexperts-sur-le-racisme-dans-le-cadre-de-lenquete-nationale-sur,2717
2026-04-07T22:37:22Z,https://yukon.ca/fr/frais-de-deplacement-pour-levenement-celebration-2018-respect-weigh-your-words-du-8-au-10-juin-2018,2964
2026-04-07T22:37:23Z,https://yukon.ca/fr/frais-de-deplacement-pour-la-remise-des-prix-energy-star-louverture-de-seance-de-la-bourse-de,3921
2026-04-07T22:37:24Z,https://yukon.ca/fr/frais-de-deplacement-pour-la-reunion-federale-provinciale-territoriale-des-ministres-responsables-2,3385
2026-04-07T22:37:25Z,https://yukon.ca/fr/frais-de-deplacement-pour-la-conference-des-premiers-ministres-de-louest-du-21-au-23-mai-2018,3001
2026-04-07T22:37:26Z,https://yukon.ca/fr/frais-de-deplacement-pour-rendez-vous-canada-du-13-au-17-mai-2018,2891
2026-04-07T22:37:28Z,https://yukon.ca/fr/frais-de-deplacement-pour-le-forum-sur-les-politiques-sociales-de-lorganisation-de-cooperation-et-de,2727
2026-04-07T22:37:29Z,https://yukon.ca/fr/frais-de-deplacement-pour-la-conference-canadienne-du-gouverneur-general-sur-le-leadership-du-3-au-6,2873
2026-04-07T22:37:30Z,https://yukon.ca/fr/frais-de-deplacement-pour-le-forum-sur-le-transport-dans-louest-canadien-du-2-au-4-mai-2018,2609
2026-04-07T22:37:31Z,https://yukon.ca/fr/frais-de-deplacement-pour-la-conference-annuelle-des-premiers-ministres-du-nord-du-30-avril-au-4-mai,3071
2026-04-07T22:37:32Z,https://yukon.ca/fr/frais-de-deplacement-pour-la-rencontre-de-la-regie-de-la-sante-des-premieres-nations-de-la-colombie,2706
2026-04-07T22:37:33Z,https://yukon.ca/fr/frais-de-deplacement-pour-le-sommet-concernant-les-caribous-de-la-porcupine-et-la-rencontre-des,3339
2026-04-07T22:37:34Z,https://yukon.ca/fr/rencontres-avec-destination-canada-lassociation-touristique-autochtone-du-canada-et-cossette-lagence,3097
2026-04-07T22:37:35Z,https://yukon.ca/fr/congres-international-le-salon-professionnel-et-le-forum-des-investisseurs-de-lassociation,2929
2026-04-07T22:37:36Z,https://yukon.ca/fr/frais-de-deplacement-pour-la-rencontre-sur-les-questions-dinteret-panterritorial-les-27-et-28,2492
2026-04-07T22:37:38Z,https://yukon.ca/fr/rencontre-avec-lassociation-canadienne-des-societes-des-alcools-le-6-fevrier-2018,2354
2026-04-07T22:37:39Z,https://yukon.ca/fr/frais-de-deplacement-pour-les-journees-du-yukon-du-2-au-9-fevrier-2018,6863
2026-04-07T22:37:40Z,https://yukon.ca/fr/frais-de-deplacement-pour-la-rencontre-annuelle-des-ministres-federal-provinciaux-et-territoriaux,2693
2026-04-07T22:37:41Z,https://yukon.ca/fr/frais-de-deplacement-pour-la-rencontre-federale-provinciale-territoriale-durgence-sur-les-services,3275
2026-04-07T22:37:42Z,https://yukon.ca/fr/frais-de-deplacement-pour-la-rencontre-concernant-luniversite-du-yukon-les-23-et-24-janvier-2018,2462
2026-04-07T22:37:43Z,https://yukon.ca/fr/frais-de-deplacement-pour-la-rencontre-avec-la-ministre-bardish-chagger-du-22-au-25-janvier-2018,2424
2026-04-07T22:37:44Z,https://yukon.ca/fr/frais-de-deplacement-pour-le-forum-sur-lexploration-miniere-du-19-au-25-janvier-2018,4270
2026-04-07T22:37:47Z,https://yukon.ca/fr/votre-gouvernement/bilan-et-finances/divulgation-des-frais-de-deplacement-des-ministres/rencontre-0,8597
2026-04-07T22:37:48Z,https://yukon.ca/fr/votre-gouvernement/bilan-et-finances/divulgation-des-frais-de-deplacement-des-ministres/rencontre,8239
2026-04-07T22:37:49Z,https://yukon.ca/fr/votre-gouvernement/bilan-et-finances/frais-de-deplacement-des-ministres/frais-de-deplacement-pour-27,8482
2026-04-07T22:37:51Z,https://yukon.ca/fr/votre-gouvernement/bilan-et-finances/frais-de-deplacement-des-ministres/frais-de-deplacement-pour-14,8345
2026-04-07T22:37:52Z,https://yukon.ca/fr/votre-gouvernement/bilan-et-finances/frais-de-deplacement-des-ministres/frais-de-deplacement-pour-9,7910
2026-04-07T22:37:53Z,https://yukon.ca/fr/votre-gouvernement/bilan-et-finances/frais-de-deplacement-des-ministres/frais-de-deplacement-pour-17,8434
2026-04-07T22:37:55Z,https://yukon.ca/fr/votre-gouvernement/bilan-et-finances/frais-de-deplacement-des-ministres/frais-de-deplacement-pour-12,9339
2026-04-07T22:37:56Z,https://yukon.ca/fr/votre-gouvernement/bilan-et-finances/frais-de-deplacement-des-ministres/frais-de-deplacement-pour-16,8201
2026-04-07T22:37:57Z,https://yukon.ca/fr/votre-gouvernement/bilan-et-finances/frais-de-deplacement-des-ministres/frais-de-deplacement-pour-un,8384
2026-04-07T22:37:59Z,https://yukon.ca/fr/votre-gouvernement/bilan-et-finances/frais-de-deplacement-des-ministres/frais-de-deplacement-pour-33,8435
2026-04-07T22:38:01Z,https://yukon.ca/fr/votre-gouvernement/bilan-et-finances/frais-de-deplacement-des-ministres/frais-de-deplacement-pour-23,8212
2026-04-07T22:38:02Z,https://yukon.ca/fr/votre-gouvernement/bilan-et-finances/frais-de-deplacement-des-ministres/frais-de-deplacement-pour-28,8381
2026-04-07T22:38:04Z,https://yukon.ca/fr/votre-gouvernement/bilan-et-finances/frais-de-deplacement-des-ministres/frais-de-deplacement-pour-3,9248
2026-04-07T22:38:05Z,https://yukon.ca/fr/votre-gouvernement/bilan-et-finances/frais-de-deplacement-des-ministres/frais-de-deplacement-pour-30,8217
2026-04-07T22:38:06Z,https://yukon.ca/fr/votre-gouvernement/bilan-et-finances/frais-de-deplacement-des-ministres/frais-de-deplacement-pour-22,8265
2026-04-07T22:38:07Z,https://yukon.ca/fr/votre-gouvernement/bilan-et-finances/frais-de-deplacement-des-ministres/frais-de-deplacement-pour-7,9073
2026-04-07T22:38:09Z,https://yukon.ca/fr/votre-gouvernement/bilan-et-finances/frais-de-deplacement-des-ministres/frais-de-deplacement-pour-25,8381
2026-04-07T22:38:10Z,https://yukon.ca/fr/gouvernement-du-yukon/bilan-et-finances/find-minister-travel-expense-reports/frais-de-deplacement,8141
2026-04-07T22:38:11Z,https://yukon.ca/fr/votre-gouvernement/bilan-et-finances/frais-de-deplacement-des-ministres/frais-de-deplacement-pour-8,8727
2026-04-07T22:38:13Z,https://yukon.ca/fr/votre-gouvernement/bilan-et-finances/frais-de-deplacement-des-ministres/frais-de-deplacement-pour-10,8289
2026-04-07T22:38:14Z,https://yukon.ca/fr/votre-gouvernement/bilan-et-finances/frais-de-deplacement-des-ministres/frais-de-deplacement-pour-la,8239
2026-04-07T22:38:15Z,https://yukon.ca/fr/votre-gouvernement/bilan-et-finances/frais-de-deplacement-des-ministres/frais-de-deplacement-pour-0,8007
2026-04-07T22:38:16Z,https://yukon.ca/fr/votre-gouvernement/bilan-et-finances/frais-de-deplacement-des-ministres/frais-de-deplacement-pour-32,8859
2026-04-07T22:38:18Z,https://yukon.ca/fr/votre-gouvernement/bilan-et-finances/frais-de-deplacement-des-ministres/frais-de-deplacement-pour-24,8298
2026-04-07T22:38:19Z,https://yukon.ca/fr/votre-gouvernement/bilan-et-finances/frais-de-deplacement-des-ministres/frais-de-deplacement-pour-29,8173
2026-04-07T22:38:20Z,https://yukon.ca/fr/votre-gouvernement/bilan-et-finances/frais-de-deplacement-des-ministres/frais-de-deplacement-pour-18,8345
2026-04-07T22:38:21Z,https://yukon.ca/fr/votre-gouvernement/bilan-et-finances/frais-de-deplacement-des-ministres/frais-de-deplacement-pour-15,8592
2026-04-07T22:38:23Z,https://yukon.ca/fr/votre-gouvernement/bilan-et-finances/frais-de-deplacement-des-ministres/frais-de-deplacement-pour,9110
2026-04-07T22:38:24Z,https://yukon.ca/fr/votre-gouvernement/bilan-et-finances/frais-de-deplacement-des-ministres/frais-de-deplacement-dans-le,8350
2026-04-07T22:38:25Z,https://yukon.ca/fr/votre-gouvernement/bilan-et-finances/frais-de-deplacement-des-ministres/frais-de-deplacement-pour-37,8209
2026-04-07T22:38:26Z,https://yukon.ca/fr/votre-gouvernement/bilan-et-finances/frais-de-deplacement-des-ministres/frais-de-deplacement-pour-2,8120
2026-04-07T22:38:28Z,https://yukon.ca/fr/votre-gouvernement/bilan-et-finances/frais-de-deplacement-des-ministres/frais-de-deplacement-pour-36,8052
2026-04-07T22:38:29Z,https://yukon.ca/fr/votre-gouvernement/bilan-et-finances/frais-de-deplacement-des-ministres/frais-de-deplacement-pour-11,7492
2026-04-07T22:38:30Z,https://yukon.ca/fr/votre-gouvernement/bilan-et-finances/frais-de-deplacement-des-ministres/frais-de-deplacement-pour-4,8076
2026-04-07T22:38:31Z,https://yukon.ca/fr/votre-gouvernement/bilan-et-finances/frais-de-deplacement-des-ministres/frais-de-deplacement-pour-20,8078
2026-04-07T22:38:32Z,https://yukon.ca/fr/votre-gouvernement/bilan-et-finances/frais-de-deplacement-des-ministres/frais-de-deplacement-pour-39,7909
2026-04-07T22:38:34Z,https://yukon.ca/fr/votre-gouvernement/bilan-et-finances/frais-de-deplacement-des-ministres/frais-de-deplacement-pour-19,8311
2026-04-07T22:38:35Z,https://yukon.ca/fr/votre-gouvernement/bilan-et-finances/frais-de-deplacement-des-ministres/frais-de-deplacement-pour-21,8740
2026-04-07T22:38:36Z,https://yukon.ca/fr/votre-gouvernement/bilan-et-finances/frais-de-deplacement-des-ministres/frais-de-deplacement-pour-38,8273
2026-04-07T22:38:38Z,https://yukon.ca/fr/votre-gouvernement/bilan-et-finances/frais-de-deplacement-des-ministres/frais-de-deplacements-pour,8380
2026-04-07T22:38:39Z,https://yukon.ca/fr/votre-gouvernement/bilan-et-finances/frais-de-deplacement-des-ministres/frais-de-deplacement-pour-34,8072
2026-04-07T22:38:40Z,https://yukon.ca/fr/votre-gouvernement/bilan-et-finances/frais-de-deplacement-des-ministres/frais-de-deplacement-pour-26,8381
2026-04-07T22:38:41Z,https://yukon.ca/fr/votre-gouvernement/bilan-et-finances/frais-de-deplacement-des-ministres/frais-de-deplacement-pour-1,8352
2026-04-07T22:38:43Z,https://yukon.ca/fr/votre-gouvernement/bilan-et-finances/frais-de-deplacement-des-ministres/frais-de-deplacement-pour-le,9117
2026-04-07T22:38:44Z,https://yukon.ca/fr/votre-gouvernement/bilan-et-finances/frais-de-deplacement-des-ministres/frais-de-deplacement-pour-35,10104
2026-04-07T22:38:45Z,https://yukon.ca/fr/votre-gouvernement/bilan-et-finances/frais-de-deplacement-des-ministres/frais-de-deplacement-pour-6,8197
2026-04-07T22:38:46Z,https://yukon.ca/fr/votre-gouvernement/bilan-et-finances/frais-de-deplacement-des-ministres/frais-de-deplacement-pour-37,8209
