time,message
2026-04-08T22:15:43Z,Start time was: 2026-04-08 15:15:43.488327
2026-04-08T22:15:43Z,Downloading https://yukon.ca/en/travel-expense-report-ame-round-and-wild-sheep-foundation-show-january-22-january-27
2026-04-08T22:15:43Z,Downloading https://yukon.ca/en/travel-expense-report-ame-round-january-24-january-28
2026-04-08T22:15:44Z,Downloading https://yukon.ca/en/travel-expense-report-ame-round-and-first-ministers-meeting-january-24-january-30
2026-04-08T22:15:44Z,Downloading https://yukon.ca/en/travel-expense-report-federal-provincial-and-territorial-agriculture-conference-september-6-september-10
2026-04-08T22:15:44Z,Downloading https://yukon.ca/en/travel-expense-report-housing-federal-provincial-and-territorial-meetings-september-7-september-13
2026-04-08T22:15:44Z,Downloading https://yukon.ca/en/travel-expense-report-intergovernmental-energy-summit-september-17-september-20
2026-04-08T22:15:45Z,Downloading https://yukon.ca/en/travel-expense-reports-order-british-columbia-september-18-september-21
2026-04-08T22:15:45Z,Downloading https://yukon.ca/en/travel-expense-report-parliamentary-secretary-women-august-6-august-10
2026-04-08T22:15:45Z,Downloading https://yukon.ca/en/travel-expense-report-sport-federal-provincial-and-territorial-meetings-canada-summer-games-arctic-security-and-grid-connect-meetings-august-6-august-15
2026-04-08T22:15:46Z,Downloading https://yukon.ca/en/travel-expense-report-economic-development-meetings-august-21
2026-04-08T22:15:46Z,Downloading https://yukon.ca/en/travel-expense-report-taiwan-air-interline-agreement-august-24-august-31
2026-04-08T22:15:46Z,Downloading https://yukon.ca/en/travel-expense-report-committee-internal-trade-cit-and-bc-grid-connect-proponent-meetings-july-3-july-10
2026-04-08T22:15:46Z,Downloading https://yukon.ca/en/travel-expense-report-federal-provincial-and-territorial-ministers-status-women-meetings-july-7-july-11
2026-04-08T22:15:47Z,Downloading https://yukon.ca/en/travel-expense-report-energy-mines-and-resources-ministers-conference-july-8-july-12
2026-04-08T22:15:47Z,Downloading https://yukon.ca/en/travel-expense-report-council-federation-july-19-july-25
2026-04-08T22:15:47Z,Downloading https://yukon.ca/en/travel-expense-report-proponent-meetings-july-20-july-25
2026-04-08T22:15:48Z,Downloading https://yukon.ca/en/travel-expense-report-hydro-one-and-fortis-meetings-july-28-july-31
2026-04-08T22:15:48Z,Downloading https://yukon.ca/en/travel-expense-report-first-ministers-meetings-june-1-june-3
2026-04-08T22:15:48Z,Downloading https://yukon.ca/en/travel-expense-report-global-energy-show-june-10-june-12
2026-04-08T22:15:48Z,Downloading https://yukon.ca/en/travel-expense-report-economic-development-meetings-june-23-24
2026-04-08T22:15:49Z,Downloading https://yukon.ca/en/travel-expense-report-council-canadian-francophonie-june-25-june-27
2026-04-08T22:15:49Z,Downloading https://yukon.ca/en/travel-expense-report-toronto-and-ottawa-meetings-may-8-18
2026-04-08T22:15:49Z,Downloading https://yukon.ca/en/travel-expense-report-arctic-inspiration-prize-may-11-15
2026-04-08T22:15:49Z,Downloading https://yukon.ca/en/travel-expense-report-western-premiers-conference-may-20-25
2026-04-08T22:15:50Z,Downloading https://yukon.ca/en/travel-expense-report-cansec-2025-trade-show-may-26-30
2026-04-08T22:15:50Z,Downloading https://yukon.ca/en/travel-expense-report-leaders-conference-april-3-5
2026-04-08T22:15:50Z,Downloading https://yukon.ca/en/travel-expense-report-pdac-march-1-5
2026-04-08T22:15:50Z,Downloading https://yukon.ca/en/travel-expense-report-first-ministers-meetings-march-20-22
2026-04-08T22:15:51Z,Downloading https://yukon.ca/en/travel-expense-report-mission-washington-february-9-16
2026-04-08T22:15:51Z,Downloading https://yukon.ca/en/travel-expense-report-committee-internal-trade-february-27-march-2
2026-04-08T22:15:51Z,Downloading https://yukon.ca/en/travel-expense-report-first-ministers-meetings-january-12-16
2026-04-08T22:15:52Z,Downloading https://yukon.ca/en/travel-expense-report-round-january-18-26
2026-04-08T22:15:52Z,Downloading https://yukon.ca/en/travel-expense-report-committee-internal-trade-january-30-february-5
2026-04-08T22:15:52Z,Downloading https://yukon.ca/en/travel-expense-report-yukon-days-december-1-18
2026-04-08T22:15:52Z,Downloading https://yukon.ca/en/travel-expense-report-funeral-former-bc-premier-john-horgan-december-14-16
2026-04-08T22:15:53Z,Downloading https://yukon.ca/en/travel-expense-report-council-federation-winter-meetings-december-13-19
2026-04-08T22:15:53Z,Downloading https://yukon.ca/en/travel-expense-report-us-relations-meetings-december-18-23
2026-04-08T22:15:53Z,Downloading https://yukon.ca/en/travel-expense-report-federal-provincial-and-territorial-ministers-early-learning-and-child-care
2026-04-08T22:15:53Z,Downloading https://yukon.ca/en/travel-expense-report-meetings-federal-ministers-september-12-20
2026-04-08T22:15:54Z,Downloading https://yukon.ca/en/travel-expense-report-pnwer-annual-summit-july-20-july-26
2026-04-08T22:15:54Z,Downloading https://yukon.ca/en/travel-expense-report-council-federation-july-15-17-2024
2026-04-08T22:15:54Z,Downloading https://yukon.ca/en/travel-expense-report-business-development-meeting-july-31
2026-04-08T22:15:54Z,Downloading https://yukon.ca/en/travel-expense-report-ore-deck-ribbon-cutting-ceremony-june-27
2026-04-08T22:15:55Z,Downloading https://yukon.ca/en/travel-expense-report-agm-pt-ministers-responsible-local-government-june-24-27
2026-04-08T22:15:55Z,Downloading https://yukon.ca/en/travel-expense-report-federal-provincial-and-territorial-ministers-responsible-conservation-wildlife
2026-04-08T22:15:55Z,Downloading https://yukon.ca/en/travel-expense-report-london-delegation-trip-june-6-15
2026-04-08T22:15:56Z,Downloading https://yukon.ca/en/travel-expense-report-meeting-diplomats-june-12-14
2026-04-08T22:15:56Z,Downloading https://yukon.ca/en/travel-expense-report-meeting-eurasia-group-diplomats-and-collision-june-10-20
2026-04-08T22:15:56Z,Downloading https://yukon.ca/en/travel-expense-report-attendance-anniversary-d-day-june-4-8
2026-04-08T22:15:56Z,Downloading https://yukon.ca/en/travel-expense-attendance-meeting-canadian-council-forest-ministers-june-2-5
2026-04-08T22:15:57Z,Downloading https://yukon.ca/en/travel-expense-report-attendance-northern-premiers-forum-may-4-10-2024
2026-04-08T22:15:57Z,Downloading https://yukon.ca/en/travel-expense-report-attendance-arctic-encounter-symposium-april-11-13-2024
2026-04-08T22:15:57Z,Downloading https://yukon.ca/en/travel-expense-report-meeting-federal-provincial-and-territorial-ministers-responsible-labour-april
2026-04-08T22:15:58Z,Downloading https://yukon.ca/en/travel-expense-report-attendance-brian-mulroney-funeral-march-21-march-24-2024
2026-04-08T22:15:58Z,Downloading https://yukon.ca/en/travel-expense-report-ministers-meeting-montreal-february-21-25-2024
2026-04-08T22:15:58Z,Downloading https://yukon.ca/en/travel-expense-report-meeting-minister-wilkinson-january-4-january-5-2024
2026-04-08T22:15:58Z,Downloading https://yukon.ca/en/travel-expense-report-premiers-meeting-minister-wilkinsonconsul-january-4-january-7-2023
2026-04-08T22:15:59Z,Downloading https://yukon.ca/en/travel-expense-report-minister-silver-round-meeting-january-19-25-2024
2026-04-08T22:15:59Z,Downloading https://yukon.ca/en/travel-expense-report-round-meeting-january-20-january-23-2024
2026-04-08T22:15:59Z,Downloading https://yukon.ca/en/travel-expense-report-meeting-minister-wilkinson-january-20-january-25-2024
2026-04-08T22:15:59Z,Downloading https://yukon.ca/en/travel-expense-report-round-january-21-january-26-2024
2026-04-08T22:16:00Z,Downloading https://yukon.ca/en/travel-expense-report-finance-ministers-provincialterritorialfederal-december-11-december-18-2024
2026-04-08T22:16:00Z,Downloading https://yukon.ca/en/travel-expense-report-yukon-days-minister-mosytn-december-2-6-2023
2026-04-08T22:16:00Z,Downloading https://yukon.ca/en/travel-expense-report-yukon-days-december-02-december-07-2023
2026-04-08T22:16:01Z,Downloading https://yukon.ca/en/travel-expense-report-for-yukon-days-december-03-to-december-08
2026-04-08T22:16:01Z,Downloading https://yukon.ca/en/travel-expense-report-yukon-days-minister-clarke-december-03-december-08-2023
2026-04-08T22:16:01Z,Downloading https://yukon.ca/en/travel-expense-report-premiere-yukon-days-december-02-december-10-2023
2026-04-08T22:16:01Z,Downloading https://yukon.ca/en/travel-expense-report-bc-cabinet-fn-leaders-gathering-november-02-03-2023
2026-04-08T22:16:02Z,Downloading https://yukon.ca/en/travel-expense-report-cof-premiers-meeting-november-3-november-7-2023
2026-04-08T22:16:02Z,Downloading https://yukon.ca/en/travel-expense-report-for-europe-mission-from-november-24-to-november-30-2023
2026-04-08T22:16:02Z,Downloading https://yukon.ca/en/travel-expense-report-banff-forum-october-20-2023
2026-04-08T22:16:02Z,Downloading https://yukon.ca/en/premier-eby-consuls-meeting-oct-27-oct-29-2023
2026-04-08T22:16:03Z,Downloading https://yukon.ca/en/travel-expense-report-asian-mission-september-07-september-24-2023
2026-04-08T22:16:03Z,Downloading https://yukon.ca/en/travel-expense-report-federal-ministers-meeting-september-20-22-2023
2026-04-08T22:16:03Z,Downloading https://yukon.ca/en/travel-expense-report-denver-gold-forum-september-11-21-2023
2026-04-08T22:16:04Z,Downloading https://yukon.ca/en/travel-expense-report-2023-ending-gender-based-violence-forum-septenber-05-07-2023
2026-04-08T22:16:04Z,Downloading https://yukon.ca/en/travel-expense-report-asian-mission-september-07-september-13-2023
2026-04-08T22:16:04Z,Downloading https://yukon.ca/en/find-minister-travel-expenses-ministers-meetings-september-1-september-7-2023
2026-04-08T22:16:04Z,Downloading https://yukon.ca/en/travel-expense-report-emmc-conference-august-27-september-1-2023
2026-04-08T22:16:05Z,Downloading https://yukon.ca/en/travel-expense-report-tour-qikiqtaruk-august-21-august-23-2023
2026-04-08T22:16:05Z,Downloading https://yukon.ca/en/travel-expense-report-signing-offshore-accord-august-10-2023
2026-04-08T22:16:05Z,Downloading https://yukon.ca/en/travel-expense-report-2023-fpt-ministers-responsible-status-women
2026-04-08T22:16:05Z,Downloading https://yukon.ca/en/travel-expense-report-haa-kusteeyi-celebration-july-29-july-30-2023
2026-04-08T22:16:06Z,Downloading https://yukon.ca/en/travel-expense-report-white-pass-125th-anniversary-july-29-july-30-2023
2026-04-08T22:16:06Z,Downloading https://yukon.ca/en/travel-expense-report-ccme-council-ministers-meetings-july-25-july-28-2023
2026-04-08T22:16:06Z,Downloading https://yukon.ca/en/travel-expense-report-meeting-nova-scotia-premier-july-25-july-26-2023
2026-04-08T22:16:06Z,Downloading https://yukon.ca/en/travel-expense-report-fpt-ministers-agriculture-july-18-july-22-2023
2026-04-08T22:16:07Z,Downloading https://yukon.ca/en/travel-expense-report-2023-north-american-indigenous-games-july-14-july-17-2023
2026-04-08T22:16:07Z,Downloading https://yukon.ca/en/travel-expense-report-pacific-northwest-economic-region-july-14-july-21-2023
2026-04-08T22:16:07Z,Downloading https://yukon.ca/en/travel-expense-report-2023-fpt-ministers-responsible-early-learning-child-care
2026-04-08T22:16:08Z,Downloading https://yukon.ca/en/travel-expense-report-council-ministers-education-canada-meeting-july-11-july-14-2023
2026-04-08T22:16:08Z,Downloading https://yukon.ca/en/travel-expense-report-cof-summer-meetings-july-9-13-2023
2026-04-08T22:16:08Z,Downloading https://yukon.ca/en/travel-expense-report-ministers-council-canadian-francophonie-july-5-7-2023
2026-04-08T22:16:08Z,Downloading https://yukon.ca/en/travel-expense-report-fpt-ministers-responsible-culture-and-heritage-june-26-30-2023
2026-04-08T22:16:09Z,Downloading https://yukon.ca/en/travel-expense-report-western-premiers-conference-june-25-june-27-2023
2026-04-08T22:16:09Z,Downloading https://yukon.ca/en/travel-expense-report-fpt-ministers-infrastructure-meeting-june-19-23-2023
2026-04-08T22:16:09Z,Downloading https://yukon.ca/en/travel-expense-report-fpt-ministers-responsible-human-rights-june-15-30-2023
2026-04-08T22:16:09Z,Downloading https://yukon.ca/en/travel-expense-report-pt-ministers-responsible-local-government-june-1-7-2023
2026-04-08T22:16:10Z,Downloading https://yukon.ca/en/travel-expense-report-cirnac-june-1-5-2023
2026-04-08T22:16:10Z,Downloading https://yukon.ca/en/travel-expense-report-rendezvous-canada-may-28-june-1-2023
2026-04-08T22:16:10Z,Downloading https://yukon.ca/en/travel-expense-report-northern-premiers-forum-may-16-17-2023
2026-04-08T22:16:11Z,Downloading https://yukon.ca/en/travel-expense-report-ministerial-meetings-may-3-6-2023
2026-04-08T22:16:11Z,Downloading https://yukon.ca/en/travel-expense-report-premier-fordstakeholder-meetings-april-30-may-8-2023
2026-04-08T22:16:11Z,Downloading https://yukon.ca/en/travel-expense-report-meeting-air-north-april-6-8-2023
2026-04-08T22:16:11Z,Downloading https://yukon.ca/en/travel-expense-report-first-nations-meetings-march-17-2023
2026-04-08T22:16:12Z,Downloading https://yukon.ca/en/travel-expense-report-2023-canada-winter-games-february-15-20-2023
2026-04-08T22:16:12Z,Downloading https://yukon.ca/en/travel-expense-report-prime-minister-and-premiersec-devconsul-gen-india-meetings-february-10-15-2023
2026-04-08T22:16:12Z,Downloading https://yukon.ca/en/travel-expense-report-fpt-finance-meetings-february-1-4-2023
2026-04-08T22:16:12Z,Downloading https://yukon.ca/en/travel-expense-report-vric-meetings-january-29-30-2023
2026-04-08T22:16:13Z,Downloading https://yukon.ca/en/travel-expense-report-2023-arctic-winter-games-january-28-31-2023
2026-04-08T22:16:13Z,Downloading https://yukon.ca/en/travel-expense-report-vric-conference-january-28-30-2023
2026-04-08T22:16:13Z,Downloading https://yukon.ca/en/travel-expense-report-ame-roundup-january-21-27-2023
2026-04-08T22:16:13Z,Downloading https://yukon.ca/en/travel-expense-report-fpt-symposium-digital-identity-cybersecurityroundup-january-20-26-2023
2026-04-08T22:16:14Z,Downloading https://yukon.ca/en/travel-expense-report-affinity-north-indigenous-negotiations-workshop-january-12-13-2023
2026-04-08T22:16:14Z,Downloading https://yukon.ca/en/travel-expense-report-canadian-delegation-cnd-cop15-december-12-22-2022
2026-04-08T22:16:14Z,Downloading https://yukon.ca/en/travel-expense-report-fpt-ministers-emergency-management-meeting-december-10-17-2022
2026-04-08T22:16:15Z,Downloading https://yukon.ca/en/travel-expense-report-yukon-days-cit-meetings-and-mining-meetings-december-4-11-2022
2026-04-08T22:16:15Z,Downloading https://yukon.ca/en/travel-expense-report-yukon-days-december-3-8-2022
2026-04-08T22:16:15Z,Downloading https://yukon.ca/en/travel-expense-report-yukon-days-and-federal-bilateral-engagements-december-2-9-2022
2026-04-08T22:16:15Z,Downloading https://yukon.ca/en/travel-expense-report-ministerial-meetings-november-27-to-december-1-2022
2026-04-08T22:16:16Z,Downloading https://yukon.ca/en/travel-expense-report-federal-provincial-and-territorial-health-ministers-meetings-november-5-6-2022
2026-04-08T22:16:16Z,Downloading https://yukon.ca/en/travel-expense-report-tourism-housing-and-infrastructure-meetings-november-4-6-2022
2026-04-08T22:16:16Z,Downloading https://yukon.ca/en/travel-expense-report-carbon-capture-canada-event-september-19-22-2022
2026-04-08T22:16:16Z,Downloading https://yukon.ca/en/travel-expense-report-mining-meetings-precious-minerals-and-gold-show-september-9-19-2022
2026-04-08T22:16:17Z,Downloading https://yukon.ca/en/travel-expense-report-arctic-circle-greenland-forum-august-23-30-2022
2026-04-08T22:16:17Z,Downloading https://yukon.ca/en/travel-expense-report-canada-summer-games-august-3-8-2022
2026-04-08T22:16:17Z,Downloading https://yukon.ca/en/travel-expense-report-pacific-northwest-economic-region-summit-july-21-31-2022
2026-04-08T22:16:18Z,Downloading https://yukon.ca/en/travel-expense-report-ministers-visit-aklavik-herschel-island-july-11-16-2022
2026-04-08T22:16:18Z,Downloading https://yukon.ca/en/travel-expense-report-fpt-ministers-most-responsible-elcc-july-11-12
2026-04-08T22:16:18Z,Downloading https://yukon.ca/en/travel-expense-report-federal-provincial-and-territorial-ministers-culture-and-heritage-and-federal
2026-04-08T22:16:18Z,Downloading https://yukon.ca/en/travel-expense-report-council-federation-july-7-13-2022
2026-04-08T22:16:19Z,Downloading https://yukon.ca/en/travel-expense-report-energy-mines-ministers-conference-july-5-9-2022
2026-04-08T22:16:19Z,Downloading https://yukon.ca/en/travel-expense-report-canadian-council-ministers-education-conference-july-4-6-2022
2026-04-08T22:16:19Z,Downloading https://yukon.ca/en/travel-expense-report-independence-day-july-4-2022
2026-04-08T22:16:19Z,Downloading https://yukon.ca/en/travel-expense-report-economic-development-film-meetings-june-29-july-2-2022
2026-04-08T22:16:20Z,Downloading https://yukon.ca/en/travel-expense-report-federal-minister-meetings-and-matriarch-summit-june-20-24-2022
2026-04-08T22:16:20Z,Downloading https://yukon.ca/en/travel-expense-report-pdac-conference-and-meetings-ottawa-and-new-york-june-12-17-2022
2026-04-08T22:16:20Z,Downloading https://yukon.ca/en/travel-expense-report-pdac-conference-june-12-15-2022
2026-04-08T22:16:20Z,Downloading https://yukon.ca/en/travel-expense-report-federal-provincial-and-territorial-health-ministers-meeting-june-5-6-2022
2026-04-08T22:16:21Z,Downloading https://yukon.ca/en/travel-expense-report-western-premiers-conference-may-25-30
2026-04-08T22:16:21Z,Downloading https://yukon.ca/en/travel-expense-report-atlin-expansion-project-site-visit-may-25-2022
2026-04-08T22:16:21Z,Downloading https://yukon.ca/en/travel-expense-report-vancouver-resource-investment-conference-may-16-18-2022
2026-04-08T22:16:22Z,Downloading https://yukon.ca/en/travel-expense-report-air-north-inaugural-flight-and-meeting-prime-minister-and-federal-ministers
2026-04-08T22:16:22Z,Downloading https://yukon.ca/en/travel-expense-report-meeting-federal-provincial-and-territorial-ministers-agriculture-april-30-may
2026-04-08T22:16:22Z,Downloading https://yukon.ca/en/travel-expense-report-westac-fall-member-forum-december-7-12-2021
2026-04-08T22:16:22Z,Downloading https://yukon.ca/en/travel-expense-report-destination-canada-meetings-september-28-october-1-2021
2026-04-08T22:16:23Z,Downloading https://yukon.ca/en/travel-expense-report-prospector-and-developers-association-canada-mineral-exploration-and-mining
2026-04-08T22:16:23Z,Downloading https://yukon.ca/en/travel-expense-report-council-ministers-responsible-transportation-and-highway-safety-federal
2026-04-08T22:16:23Z,Downloading https://yukon.ca/en/travel-expense-report-meetings-federal-ministers-february-2-6-2020
2026-04-08T22:16:23Z,Downloading https://yukon.ca/en/travel-expense-report-federal-provincial-and-territorial-justice-ministers-meeting-january-21
2026-04-08T22:16:24Z,Downloading https://yukon.ca/en/travel-expense-report-ministers-meeting-early-learning-and-childcare-and-ame-roundup-january-19-24
2026-04-08T22:16:24Z,Downloading https://yukon.ca/en/travel-expense-report-vancouver-resource-investment-conference-and-mineral-exploration-roundup
2026-04-08T22:16:25Z,Downloading https://yukon.ca/en/travel-expense-purpose-impact-conference-january-17-23
2026-04-08T22:16:26Z,Downloading https://yukon.ca/en/travel-expense-purpose-mining-hall-fame-january-7-10-2020
2026-04-08T22:16:27Z,Downloading https://yukon.ca/en/travel-expense-purpose-finance-ministers-meeting-december-16-17-2019
2026-04-08T22:16:28Z,Downloading https://yukon.ca/en/travel-expense-purpose-federal-ministers-meetings-december-8-12-2019
2026-04-08T22:16:28Z,Downloading https://yukon.ca/en/travel-expense-purpose-council-federal-meeting-and-yukon-days-december-1-6-2019
2026-04-08T22:16:29Z,Downloading https://yukon.ca/en/travel-expense-purpose-meeting-federal-provincial-and-territorial-ministers-responsible-status-women
2026-04-08T22:16:30Z,Downloading https://yukon.ca/en/travel-expense-report-yukon-days-november-30-december-6-2019
2026-04-08T22:16:31Z,Downloading https://yukon.ca/en/travel-expense-report-world-town-planning-event-november-2-3-2019
2026-04-08T22:16:32Z,Downloading https://yukon.ca/en/travel-expense-report-celebration-life-julie-lane-october-20-2019
2026-04-08T22:16:33Z,Downloading https://yukon.ca/en/travel-expense-report-denver-gold-forum-september-14-18-2019
2026-04-08T22:16:34Z,Downloading https://yukon.ca/en/travel-expense-report-port-skagway-work-session-august-8-2019
2026-04-08T22:16:34Z,Downloading https://yukon.ca/en/council-of-ministers-of-education-july-2019
2026-04-08T22:16:35Z,Downloading https://yukon.ca/en/pacific-northwest-economic-region-july-2019
2026-04-08T22:16:36Z,Downloading https://yukon.ca/en/travel-expense-report-energy-and-mines-ministers-conference-meetingministers-agriculture-meeting
2026-04-08T22:16:37Z,Downloading https://yukon.ca/en/travel-expense-report-council-federation-summer-meeting-july-7-11-2019
2026-04-08T22:16:38Z,Downloading https://yukon.ca/en/travel-expense-report-witness-unesco-world-heritage-july-4-12-2019
2026-04-08T22:16:39Z,Downloading https://yukon.ca/en/western-premiers-conference-june-25-july-1-2019
2026-04-08T22:16:40Z,Downloading https://yukon.ca/en/federal-ministers-meetinginvestment-attraction-meeting-june-16-21-2019
2026-04-08T22:16:41Z,Downloading https://yukon.ca/en/federal-ministers-meeting-june-16-20-2019
2026-04-08T22:16:42Z,Downloading https://yukon.ca/en/federal-provincial-and-territorial-meeting-tourism-and-culture-june-15-20-2019
2026-04-08T22:16:42Z,Downloading https://yukon.ca/en/meeting-provincial-and-territorial-ministers-responsible-local-government-june-10-14-ministerial
2026-04-08T22:16:43Z,Downloading https://yukon.ca/en/women-deliver-conference-june-4-8-2019
2026-04-08T22:16:44Z,Downloading https://yukon.ca/en/121-mining-investment-conferencecanadian-mining-symposium-may-19-27-2019
2026-04-08T22:16:45Z,Downloading https://yukon.ca/en/collision-conferencecanada-free-trade-agreement-meeting-may-19-30-2019
2026-04-08T22:16:46Z,Downloading https://yukon.ca/en/seniors-forum-federal-provincial-and-territorial-ministers-meeting-may-20-23-2019
2026-04-08T22:16:47Z,Downloading https://yukon.ca/en/rendezvous-canada-meeting-may-22-may-29
2026-04-08T22:16:48Z,Downloading https://yukon.ca/en/alaska-industrial-development-and-export-authority-municipality-skagway-april-2019
2026-04-08T22:16:49Z,Downloading https://yukon.ca/en/health-and-social-services-federal-provincial-and-territorial-ministers-committee-april-22-april-24
2026-04-08T22:16:49Z,Downloading https://yukon.ca/en/travel-expense-report-prospectors-and-developers-association-canada-globe-capital-february-27-march
2026-04-08T22:16:50Z,Downloading https://yukon.ca/en/travel-expense-report-alaska-mission-february-17-20-2019
2026-04-08T22:16:51Z,Downloading https://yukon.ca/en/travel-expense-report-federal-provincial-and-territorial-ministers-responsible-sportscanada-winter
2026-04-08T22:16:52Z,Downloading https://yukon.ca/en/travel-expense-report-first-nation-directors-education-national-forum-february-12-15-2019
2026-04-08T22:16:53Z,Downloading https://yukon.ca/en/travel-expense-report-association-mineral-exploration-roundup-2019-january-27-february-1-2019
2026-04-08T22:16:54Z,Downloading https://yukon.ca/en/travel-expense-report-federal-provincial-and-territorial-emergency-management-and-national
2026-04-08T22:16:55Z,Downloading https://yukon.ca/en/travel-expense-report-impact-sustainability-travel-tourism-conference-mineral-roundup-january-20-30
2026-04-08T22:16:55Z,Downloading https://yukon.ca/en/travel-expense-report-vancouver-resource-investment-conferencenorthern-development-ministers-forum
2026-04-08T22:16:56Z,Downloading https://yukon.ca/en/travel-expense-report-federal-provincial-and-territorial-leaders-national-indigenous-organizations
2026-04-08T22:16:57Z,Downloading https://yukon.ca/en/travel-expense-report-canadian-mining-hall-fame-induction-january-9-12-2019
2026-04-08T22:16:58Z,Downloading https://yukon.ca/en/travel-expense-report-missing-and-murdered-indigenous-women-and-girls-december-9-12-2018
2026-04-08T22:16:59Z,Downloading https://yukon.ca/en/travel-expense-report-yukon-days-canadian-council-fisheries-and-aquaculture-ministers-december-2-6
2026-04-08T22:17:00Z,Downloading https://yukon.ca/en/travel-expense-purpose-yukon-days-indigenous-peoples-justice-conference-november-30-december-7-2018
2026-04-08T22:17:01Z,Downloading https://yukon.ca/en/travel-expense-report-yukon-days-first-ministers-meeting-finance-ministers-meeting-november-29
2026-04-08T22:17:02Z,Downloading https://yukon.ca/en/travel-expense-report-national-inquiry-missing-and-murdered-indigenous-girls-and-womentourism
2026-04-08T22:17:03Z,Downloading https://yukon.ca/en/meeting-with-federal-ministers-october-2018
2026-04-08T22:17:04Z,Downloading https://yukon.ca/en/travel-expense-report-federal-provincial-and-territorial-ministers-economic-development-october-25
2026-04-08T22:17:05Z,Downloading https://yukon.ca/en/travel-expense-report-federal-provincial-and-territorial-meeting-ministers-responsible
2026-04-08T22:17:06Z,Downloading https://yukon.ca/en/travel-expense-report-missing-and-murdered-indigenous-women-and-girls-hearings-september-16-19-2018
2026-04-08T22:17:07Z,Downloading https://yukon.ca/en/travel-expense-report-international-association-public-participation-conference-september-5-7-2018
2026-04-08T22:17:08Z,Downloading https://yukon.ca/en/travel-expense-report-canadian-council-forest-ministers-september-4-8-2018
2026-04-08T22:17:08Z,Downloading https://yukon.ca/en/canada-55%2B-games-august-2018
2026-04-08T22:17:09Z,Downloading https://yukon.ca/en/travel-expense-report-energy-and-mines-ministers-conference-and-arctic-indigenous-investment
2026-04-08T22:17:10Z,Downloading https://yukon.ca/en/travel-expense-report-special-olympics-national-games-july-30-august-05-2018
2026-04-08T22:17:11Z,Downloading https://yukon.ca/en/travel-expense-report-pan-territorial-meeting-and-federal-provincial-and-territorial-meeting-social
2026-04-08T22:17:12Z,Downloading https://yukon.ca/en/travel-expense-report-pacific-northwest-economic-region-july-20-26-2018
2026-04-08T22:17:13Z,Downloading https://yukon.ca/en/travel-expense-report-council-federation-july-17-21-2018
2026-04-08T22:17:14Z,Downloading https://yukon.ca/en/travel-expense-report-federal-provincial-and-territorial-agriculture-ministers-conference-july-18-20
2026-04-08T22:17:15Z,Downloading https://yukon.ca/en/travel-expense-report-federal-provincial-territorial-immigration-ministers-july-12-13-2018
2026-04-08T22:17:16Z,Downloading https://yukon.ca/en/travel-expense-report-council-ministers-education-conference-june-29-july-06-2018
2026-04-08T22:17:17Z,Downloading https://yukon.ca/en/travel-expense-report-finance-ministers-meeting-june-24-27-2018
2026-04-08T22:17:18Z,Downloading https://yukon.ca/en/travel-expense-report-federal-provincial-and-territorial-ministerial-tourism-industry-trade-mission
2026-04-08T22:17:19Z,Downloading https://yukon.ca/en/travel-expense-report-federal-provincial-and-territorial-meeting-ministers-culture-and-heritage-june
2026-04-08T22:17:21Z,Downloading https://yukon.ca/en/travel-expense-report-national-inquiry-missing-and-murdered-indigenous-women-and-girls-expert
2026-04-08T22:17:21Z,Downloading https://yukon.ca/en/travel-expense-report-celebration-2018-respect-weigh-your-words-june-8-10-2018
2026-04-08T22:17:22Z,Downloading https://yukon.ca/en/travel-expense-report-energy-star-awards-opening-toronto-stock-exchange-premiers-keynote-speech
2026-04-08T22:17:23Z,Downloading https://yukon.ca/en/travel-expense-report-federal-provincial-and-territorial-meeting-emergency-management-may-23-25-2018
2026-04-08T22:17:24Z,Downloading https://yukon.ca/en/travel-expense-report-western-premiers-conference-may-21-23-2018
2026-04-08T22:17:25Z,Downloading https://yukon.ca/en/travel-expense-report-rendezvous-canada-may-13-17-2018
2026-04-08T22:17:26Z,Downloading https://yukon.ca/en/travel-expense-report-organisation-economic-co-operation-and-development-social-policy-forum-may-12
2026-04-08T22:17:27Z,Downloading https://yukon.ca/en/travel-expense-report-governor-generals-canadian-leadership-conference-may-3-6-2018
2026-04-08T22:17:28Z,Downloading https://yukon.ca/en/travel-expense-report-western-canada-transportation-forum-may-2-4-2018
2026-04-08T22:17:29Z,Downloading https://yukon.ca/en/travel-expense-report-northern-premiers-conference-april-30-may-4-2018
2026-04-08T22:17:30Z,Downloading https://yukon.ca/en/travel-expense-report-british-columbia-first-nations-health-authority-meeting-april-26-27
2026-04-08T22:17:30Z,Downloading https://yukon.ca/en/travel-expense-report-porcupine-caribou-summit-and-federal-provincial-and-territorial-ministers
2026-04-08T22:17:31Z,Downloading https://yukon.ca/en/travel-expense-report-destination-canada-indigenous-tourism-association-canada-travel-yukons-agency
2026-04-08T22:17:35Z,Downloading https://yukon.ca/en/prospectors-and-developers-association-canada-international-convention-trade-show-and-investors
2026-04-08T22:17:36Z,Downloading https://yukon.ca/en/travel-expense-reports-meeting-pan-territorial-issues-february-27-28-2018
2026-04-08T22:17:37Z,Downloading https://yukon.ca/en/meetings-canadian-association-liquor-jurisdictions-february-6-2018
2026-04-08T22:17:38Z,Downloading https://yukon.ca/en/travel-expense-report-yukon-days-february-2-9-2018
2026-04-08T22:17:38Z,Downloading https://yukon.ca/en/travel-expense-report-annual-meeting-canadas-federal-provincial-and-territorial-transportation-and
2026-04-08T22:17:39Z,Downloading https://yukon.ca/en/travel-expense-report-emergency-federal-provincial-and-territorial-meeting-indigenous-child-and
2026-04-08T22:17:40Z,Downloading https://yukon.ca/en/travel-expense-report-yukon-university-meeting-january-23-24-2018
2026-04-08T22:17:41Z,Downloading https://yukon.ca/en/travel-expense-report-meeting-minister-chagger-january-22-25-2018
2026-04-08T22:17:42Z,Downloading https://yukon.ca/en/travel-expense-report-mineral-exploration-roundup-january-19-25-2018
2026-04-08T22:17:43Z,Downloading https://yukon.ca/en/your-government/performance-and-finance/find-minister-travel-expense-reports/travel-expense-report
2026-04-08T22:17:44Z,Downloading https://yukon.ca/en/your-government/performance-and-finance/find-minister-travel-expense-reports/travel-expense-report-0
2026-04-08T22:17:45Z,Downloading https://yukon.ca/en/your-government/performance-and-finance/find-minister-travel-expense-reports/travel-expense-33
2026-04-08T22:17:46Z,Downloading https://yukon.ca/en/your-government/performance-and-finance/find-minister-travel-expense-reports/travel-expense-19
2026-04-08T22:17:47Z,Downloading https://yukon.ca/en/your-government/performance-and-finance/find-minister-travel-expense-reports/travel-expense-14
2026-04-08T22:17:48Z,Downloading https://yukon.ca/en/your-government/performance-and-finance/find-minister-travel-expense-reports/travel-expense-22
2026-04-08T22:17:49Z,Downloading https://yukon.ca/en/your-government/performance-and-finance/find-minister-travel-expense-reports/travel-expense-17
2026-04-08T22:17:50Z,Downloading https://yukon.ca/en/your-government/performance-and-finance/find-minister-travel-expense-reports/travel-expense-21
2026-04-08T22:17:51Z,Downloading https://yukon.ca/en/your-government/performance-and-finance/find-minister-travel-expense-reports/travel-expense-reports
2026-04-08T22:17:52Z,Downloading https://yukon.ca/en/your-government/performance-and-finance/find-minister-travel-expense-reports/travel-expense-39
2026-04-08T22:17:53Z,Downloading https://yukon.ca/en/your-government/performance-and-finance/find-minister-travel-expense-reports/travel-expense-28
2026-04-08T22:17:54Z,Downloading https://yukon.ca/en/your-government/performance-and-finance/find-minister-travel-expense-reports/travel-expense-34
2026-04-08T22:17:55Z,Downloading https://yukon.ca/en/your-government/performance-and-finance/find-minister-travel-expense-reports/travel-expense-report-7
2026-04-08T22:17:56Z,Downloading https://yukon.ca/en/your-government/performance-and-finance/find-minister-travel-expense-reports/travel-expense-36
2026-04-08T22:17:57Z,Downloading https://yukon.ca/en/your-government/performance-and-finance/find-minister-travel-expense-reports/travel-expense-27
2026-04-08T22:17:58Z,Downloading https://yukon.ca/en/your-government/performance-and-finance/find-minister-travel-expense-reports/travel-expense-12
2026-04-08T22:17:59Z,Downloading https://yukon.ca/en/your-government/performance-and-finance/find-minister-travel-expense-reports/travel-expense-30
2026-04-08T22:18:01Z,Downloading https://yukon.ca/en/your-government/performance-and-finance/find-minister-travel-expense-reports/travel-expense-report-1
2026-04-08T22:18:02Z,Downloading https://yukon.ca/en/your-government/performance-and-finance/find-minister-travel-expense-reports/travel-expense-13
2026-04-08T22:18:03Z,Downloading https://yukon.ca/en/your-government/performance-and-finance/find-minister-travel-expense-reports/travel-expense-15
2026-04-08T22:18:04Z,Downloading https://yukon.ca/en/your-government/performance-and-finance/find-minister-travel-expense-reports/travel-expense-report-8
2026-04-08T22:18:05Z,Downloading https://yukon.ca/en/your-government/performance-and-finance/find-minister-travel-expense-reports/travel-expense-report-4
2026-04-08T22:18:06Z,Downloading https://yukon.ca/en/your-government/performance-and-finance/find-minister-travel-expense-reports/travel-expense-38
2026-04-08T22:18:08Z,Downloading https://yukon.ca/en/your-government/performance-and-finance/find-minister-travel-expense-reports/travel-expense-29
2026-04-08T22:18:09Z,Downloading https://yukon.ca/en/your-government/performance-and-finance/find-minister-travel-expense-reports/travel-expense-35
2026-04-08T22:18:10Z,Downloading https://yukon.ca/en/your-government/performance-and-finance/find-minister-travel-expense-reports/travel-expense-23
2026-04-08T22:18:10Z,Downloading https://yukon.ca/en/your-government/performance-and-finance/find-minister-travel-expense-reports/travel-expense-20
2026-04-08T22:18:11Z,Downloading https://yukon.ca/en/your-government/performance-and-finance/find-minister-travel-expense-reports/travel-expense-report-3
2026-04-08T22:18:12Z,Downloading https://yukon.ca/en/your-government/performance-and-finance/find-minister-travel-expense-reports/travel-expense-report-2
2026-04-08T22:18:14Z,Downloading https://yukon.ca/en/your-government/performance-and-finance/find-minister-travel-expense-reports/travel-expense-43
2026-04-08T22:18:14Z,Downloading https://yukon.ca/en/your-government/performance-and-finance/find-minister-travel-expense-reports/travel-expense-report-6
2026-04-08T22:18:15Z,Downloading https://yukon.ca/en/your-government/performance-and-finance/find-minister-travel-expense-reports/travel-expense-42
2026-04-08T22:18:15Z,Downloading https://yukon.ca/en/your-government/performance-and-finance/find-minister-travel-expense-reports/travel-expense-16
2026-04-08T22:18:16Z,Downloading https://yukon.ca/en/your-government/performance-and-finance/find-minister-travel-expense-reports/travel-expense-report-9
2026-04-08T22:18:17Z,Downloading https://yukon.ca/en/your-government/performance-and-finance/find-minister-travel-expense-reports/travel-expense-25
2026-04-08T22:18:18Z,Downloading https://yukon.ca/en/your-government/performance-and-finance/find-minister-travel-expense-reports/travel-expense-45
2026-04-08T22:18:19Z,Downloading https://yukon.ca/en/your-government/performance-and-finance/find-minister-travel-expense-reports/travel-expense-24
2026-04-08T22:18:20Z,Downloading https://yukon.ca/en/your-government/performance-and-finance/find-minister-travel-expense-reports/travel-expense-26
2026-04-08T22:18:20Z,Downloading https://yukon.ca/en/your-government/performance-and-finance/find-minister-travel-expense-reports/travel-expense-44
2026-04-08T22:18:20Z,Downloading https://yukon.ca/en/your-government/performance-and-finance/find-minister-travel-expense-reports/travel-expense-46
2026-04-08T22:18:21Z,Downloading https://yukon.ca/en/your-government/performance-and-finance/find-minister-travel-expense-reports/travel-expense-40
2026-04-08T22:18:21Z,Downloading https://yukon.ca/en/your-government/performance-and-finance/find-minister-travel-expense-reports/travel-expense-31
2026-04-08T22:18:22Z,Downloading https://yukon.ca/en/your-government/performance-and-finance/find-minister-travel-expense-reports/travel-expense-report-5
2026-04-08T22:18:23Z,Downloading https://yukon.ca/en/your-government/performance-and-finance/find-minister-travel-expense-reports/travel-expense-32
2026-04-08T22:18:23Z,Downloading https://yukon.ca/en/your-government/performance-and-finance/find-minister-travel-expense-reports/travel-expense-41
2026-04-08T22:18:24Z,Downloading https://yukon.ca/en/your-government/performance-and-finance/find-minister-travel-expense-reports/travel-expense-11
2026-04-08T22:18:25Z,Downloading https://yukon.ca/en/your-government/performance-and-finance/find-minister-travel-expense-reports/travel-expense-37
2026-04-08T22:18:26Z,Downloading https://yukon.ca/en/your-government/performance-and-finance/find-minister-travel-expense-reports/travel-expense-10
2026-04-08T22:18:27Z,Downloading https://yukon.ca/en/your-government/performance-and-finance/find-minister-travel-expense-reports/travel-expense-18
2026-04-08T22:18:28Z,Downloading https://yukon.ca/en/travel-expense-report-federal-provincial-and-territorial-agriculture-conference-september-6-september-10
2026-04-08T22:18:29Z,Downloading https://yukon.ca/fr/frais-de-deplacement-pour-la-rencontre-des-ministres-responsables-du-logement-federal-provinciaux-et-territoriaux-7-au-13-septembre
2026-04-08T22:18:30Z,Downloading https://yukon.ca/fr/frais-de-deplacement-pour-le-sommet-intergouvernemental-sur-lenergie-du-17-au-20-septembre
2026-04-08T22:18:30Z,Downloading https://yukon.ca/fr/ceremonie-de-lordre-de-la-colombie-britannique-du-18-au-21-septembre
2026-04-08T22:18:31Z,Downloading https://yukon.ca/fr/frais-de-deplacement-pour-la-rencontre-avec-la-secretaire-parlementaire-de-la-ministre-des-femmes-du-6-au-10-aout
2026-04-08T22:18:32Z,Downloading https://yukon.ca/fr/frais-de-deplacement-pour-la-rencontre-des-ministres-federal-provinciaux-et-territoriaux-responsables-du-sport-les-jeux-dete-du-canada-et-les-reunions-sur-la-securite-dans-larctique-et-le-raccordement-au-reseau-electrique-du-6-au-15-aout
2026-04-08T22:18:32Z,Downloading https://yukon.ca/fr/frais-de-deplacement-pour-les-reunions-sur-le-developpement-economique-le-21-aout
2026-04-08T22:18:33Z,Downloading https://yukon.ca/fr/frais-de-deplacement-lies-la-signature-de-laccord-intertransporteurs-avec-china-airlines-du-24-au-31-aout
2026-04-08T22:18:34Z,Downloading https://yukon.ca/fr/frais-de-deplacement-des-participants-aux-reunions-du-comite-du-commerce-interieur-et-sur-la-proposition-de-raccordement-au-reseau-electrique-de-la-colombie-britannique-du-3-au-10-juillet
2026-04-08T22:18:35Z,Downloading https://yukon.ca/fr/frais-de-deplacement-pour-les-reunions-des-ministres-federales-provinciales-et-territoriales-responsables-de-la-condition-feminine-du-7-au-11-juillet
2026-04-08T22:18:36Z,Downloading https://yukon.ca/fr/frais-de-deplacement-des-participants-la-conference-des-ministres-de-lenergie-et-des-mines-du-8-au-12-juillet
2026-04-08T22:18:36Z,Downloading https://yukon.ca/fr/frais-de-deplacement-pour-le-conseil-de-la-federation-du-19-au-25-juillet
2026-04-08T22:18:37Z,Downloading https://yukon.ca/fr/frais-de-deplacement-pour-des-rencontres-liees-au-raccordement-du-reseau-electrique-du-20-au-25-juillet
2026-04-08T22:18:38Z,Downloading https://yukon.ca/fr/node/28878
2026-04-08T22:18:38Z,Downloading https://yukon.ca/fr/frais-de-deplacement-pour-les-reunions-des-ministres-federales-provinciales-et-territoriales-responsables-de-la-condition-feminine-du-7-au-11-juillet
2026-04-08T22:18:39Z,Downloading https://yukon.ca/fr/frais-de-deplacement-pour-les-rencontres-des-premiers-ministres-du-1r-au-3-juin
2026-04-08T22:18:40Z,Downloading https://yukon.ca/fr/frais-de-deplacement-pour-le-salon-global-energy-show-du-10-au-12-juin
2026-04-08T22:18:40Z,Downloading https://yukon.ca/fr/frais-de-deplacement-pour-assister-des-reunions-sur-le-developpement-economique-les-23-et-24-juin
2026-04-08T22:18:41Z,Downloading https://yukon.ca/fr/frais-de-deplacement-au-conseil-des-ministres-sur-la-francophonie-canadienne-du-25-au-27-juin
2026-04-08T22:18:42Z,Downloading https://yukon.ca/en/travel-expense-report-toronto-and-ottawa-meetings-may-8-18
2026-04-08T22:18:43Z,Downloading https://yukon.ca/en/travel-expense-report-arctic-inspiration-prize-may-11-15
2026-04-08T22:18:43Z,Downloading https://yukon.ca/fr/frais-de-deplacement-des-participants-la-conference-des-premiers-ministres-de-louest-canadien-du-20-au-25-mai
2026-04-08T22:18:44Z,Downloading https://yukon.ca/fr/frais-de-deplacement-des-participants-au-salon-cansec-2025-du-26-au-30-mai
2026-04-08T22:18:44Z,Downloading https://yukon.ca/en/travel-expense-report-leaders-conference-april-3-5
2026-04-08T22:18:45Z,Downloading https://yukon.ca/en/travel-expense-report-pdac-march-1-5
2026-04-08T22:18:46Z,Downloading https://yukon.ca/en/travel-expense-report-first-ministers-meetings-march-20-22
2026-04-08T22:18:46Z,Downloading https://yukon.ca/en/travel-expense-report-mission-washington-february-9-16
2026-04-08T22:18:47Z,Downloading https://yukon.ca/en/travel-expense-report-committee-internal-trade-february-27-march-2
2026-04-08T22:18:48Z,Downloading https://yukon.ca/fr/frais-de-deplacement-pour-les-rencontres-des-premiers-ministres-du-12-au-16-janvier
2026-04-08T22:18:48Z,Downloading https://yukon.ca/fr/frais-de-deplacement-pour-le-congres-roundup-du-18-au-26-janvier
2026-04-08T22:18:49Z,Downloading https://yukon.ca/en/travel-expense-report-committee-internal-trade-january-30-february-5
2026-04-08T22:18:49Z,Downloading https://yukon.ca/en/travel-expense-report-yukon-days-december-1-18
2026-04-08T22:18:50Z,Downloading https://yukon.ca/en/travel-expense-report-funeral-former-bc-premier-john-horgan-december-14-16
2026-04-08T22:18:51Z,Downloading https://yukon.ca/en/travel-expense-report-council-federation-winter-meetings-december-13-19
2026-04-08T22:18:51Z,Downloading https://yukon.ca/en/travel-expense-report-us-relations-meetings-december-18-23
2026-04-08T22:18:52Z,Downloading https://yukon.ca/en/travel-expense-report-federal-provincial-and-territorial-ministers-early-learning-and-child-care
2026-04-08T22:18:52Z,Downloading https://yukon.ca/fr/frais-de-deplacement-pour-des-rencontres-avec-des-ministres-federaux-du-12-au-20-septembre
2026-04-08T22:18:53Z,Downloading https://yukon.ca/fr/frais-de-deplacement-pour-le-sommet-annuel-de-la-region-economique-du-nord-ouest-du-pacifique-du-1
2026-04-08T22:18:54Z,Downloading https://yukon.ca/fr/frais-de-deplacement-pour-le-conseil-de-la-federation-du-15-au-17-juillet-2024
2026-04-08T22:18:54Z,Downloading https://yukon.ca/fr/frais-de-deplacement-pour-une-reunion-de-developpement-des-affaires-le-31-juillet
2026-04-08T22:18:55Z,Downloading https://yukon.ca/fr/frais-de-deplacement-pour-linauguration-du-quai-mineralier-le-27-juin
2026-04-08T22:18:56Z,Downloading https://yukon.ca/fr/frais-de-deplacement-pour-lassemblee-generale-annuelle-des-ministres-provinciaux-et-territoriaux
2026-04-08T22:18:57Z,Downloading https://yukon.ca/fr/frais-de-deplacement-pour-la-rencontre-des-ministres-federal-provinciaux-et-territoriaux-2
2026-04-08T22:18:58Z,Downloading https://yukon.ca/fr/frais-de-deplacement-pour-le-voyage-de-la-delegation-londres-du-6-au-15-juin
2026-04-08T22:18:58Z,Downloading https://yukon.ca/fr/frais-de-deplacement-pour-des-rencontres-diplomatiques-du-12-au-14-juin
2026-04-08T22:18:59Z,Downloading https://yukon.ca/fr/frais-de-deplacement-pour-le-sommet-du-groupe-eurasia-des-rencontres-diplomatiques-et-le-congres
2026-04-08T22:19:00Z,Downloading https://yukon.ca/fr/frais-de-deplacement-pour-assister-la-commemoration-du-jour-j-du-4-au-8-juin
2026-04-08T22:19:02Z,Downloading https://yukon.ca/fr/frais-de-deplacement-pour-assister-la-reunion-du-conseil-canadien-des-ministres-des-forets-du-2-au-5
2026-04-08T22:19:03Z,Downloading https://yukon.ca/fr/frais-de-deplacement-pour-le-forum-des-premiers-ministres-du-nord-du-4-au-10-mai-2024
2026-04-08T22:19:04Z,Downloading https://yukon.ca/fr/frais-de-deplacement-pour-participer-au-symposium-arctic-encounter-du-11-au-13-avril-2024
2026-04-08T22:19:05Z,Downloading https://yukon.ca/fr/frais-de-deplacement-pour-la-rencontre-des-ministres-federaux-provinciaux-et-territoriaux-responsables-du-travail-du-5-au-7-avril
2026-04-08T22:19:05Z,Downloading https://yukon.ca/fr/frais-de-deplacement-pour-assister-aux-funerailles-de-brian-mulroney-du-21-au-24-mars-2024
2026-04-08T22:19:06Z,Downloading https://yukon.ca/fr/frais-de-deplacement-pour-la-rencontre-des-ministres-montreal-du-21-au-25-fevrier-2024
2026-04-08T22:19:07Z,Downloading https://yukon.ca/en/travel-expense-report-meeting-minister-wilkinson-january-4-january-5-2024
2026-04-08T22:19:08Z,Downloading https://yukon.ca/fr/frais-de-deplacement-pour-une-rencontre-entre-le-premier-ministre-et-le-ministre-wilkinson-consul
2026-04-08T22:19:09Z,Downloading https://yukon.ca/fr/frais-de-deplacement-du-ministre-silver-pour-assister-au-forum-sur-lexploration-miniere-du-19-au-25
2026-04-08T22:19:10Z,Downloading https://yukon.ca/fr/frais-de-deplacement-pour-assister-au-congres-roundup-du-20-au-23-janvier-2024
2026-04-08T22:19:11Z,Downloading https://yukon.ca/fr/frais-de-deplacement-pour-assister-au-congres-roundup-du-20-au-25-janvier-2024
2026-04-08T22:19:11Z,Downloading https://yukon.ca/fr/frais-de-deplacement-pour-assister-au-congres-roundup-du-21-au-26-janvier-2024
2026-04-08T22:19:12Z,Downloading https://yukon.ca/fr/frais-de-deplacement-pour-la-rencontre-des-ministres-des-finances-provincialterritorialfederal-du-11
2026-04-08T22:19:13Z,Downloading https://yukon.ca/fr/frais-de-deplacement-pour-la-participation-du-ministre-mostyn-aux-journees-du-yukon-du-2-au-6-decembre-2023
2026-04-08T22:19:14Z,Downloading https://yukon.ca/fr/frais-de-deplacement-pour-la-participation-aux-journees-du-yukon-du-2-au-7-decembre-2023
2026-04-08T22:19:15Z,Downloading https://yukon.ca/fr/frais-de-deplacement-du-ministre-streicker-pour-la-participation-aux-journees-du-yukon-du-3-au-8-decembre-2023
2026-04-08T22:19:15Z,Downloading https://yukon.ca/fr/frais-de-deplacement-du-ministre-clarke-pour-les-journees-du-yukon-du-2-au-8-decembre-2023
2026-04-08T22:19:16Z,Downloading https://yukon.ca/fr/frais-de-deplacement-du-premier-ministre-ranj-pillai-pour-les-journees-du-yukon-et-une-rencontre
2026-04-08T22:19:17Z,Downloading https://yukon.ca/fr/frais-de-deplacement-rencontrer-le-cabinet-ministeriel-de-la-colombie-britannique-et-des-leaders-des
2026-04-08T22:19:18Z,Downloading https://yukon.ca/fr/frais-de-deplacement-pour-la-rencontre-du-conseil-de-la-federation-du-3-au-7-novembre-2023
2026-04-08T22:19:19Z,Downloading https://yukon.ca/fr/frais-de-deplacement-pour-la-mission-en-europe-du-24-au-30-novembre-2023
2026-04-08T22:19:20Z,Downloading https://yukon.ca/fr/frais-de-deplacement-pour-assister-au-forum-de-banff-du-20-octobre-2023
2026-04-08T22:19:21Z,Downloading https://yukon.ca/fr/rencontre-ministerielle-avec-le-premier-ministre-david-eby-du-27-au-29-octobre-2023
2026-04-08T22:19:21Z,Downloading https://yukon.ca/fr/frais-de-deplacement-pour-participer-la-mission-commerciale-en-asie-du-7-au-24-septembre-2023
2026-04-08T22:19:23Z,Downloading https://yukon.ca/fr/frais-de-deplacement-pour-assister-la-reunion-des-ministres-federaux-tenue-du-20-au-22-septembre
2026-04-08T22:19:24Z,Downloading https://yukon.ca/fr/frais-de-deplacement-pour-participer-au-denver-gold-forum-du-11-au-21-septembre-2023
2026-04-08T22:19:24Z,Downloading https://yukon.ca/fr/frais-de-deplacement-pour-le-forum-sur-la-lutte-contre-la-violence-fondee-sur-le-genre-du-5-au-7
2026-04-08T22:19:25Z,Downloading https://yukon.ca/fr/frais-de-deplacement-pour-participer-la-mission-commerciale-en-asie-du-7-au-13-septembre-2023
2026-04-08T22:19:26Z,Downloading https://yukon.ca/fr/frais-de-deplacement-pour-les-rencontres-annuelles-des-ministres-du-1er-au-7-septembre-2023
2026-04-08T22:19:27Z,Downloading https://yukon.ca/fr/frais-de-deplacement-pour-la-conference-des-ministres-de-lenergie-et-des-mines-du-27-aout-au-1er
2026-04-08T22:19:28Z,Downloading https://yukon.ca/fr/frais-de-deplacement-pour-une-visite-qikiqtaruk-du-21-au-23-aout-2023
2026-04-08T22:19:29Z,Downloading https://yukon.ca/fr/frais-de-deplacement-pour-la-signature-de-laccord-de-la-zone-extracotiere-le-10-aout-2023
2026-04-08T22:19:30Z,Downloading https://yukon.ca/fr/frais-de-deplacement-pour-la-reunion-annuelle-des-ministres-federal-provinciaux-et-territoriaux
2026-04-08T22:19:30Z,Downloading https://yukon.ca/fr/frais-de-deplacement-pour-les-festivites-de-haa-kusteeyi-du-29-au-30-juillet-2023
2026-04-08T22:19:31Z,Downloading https://yukon.ca/fr/frais-de-deplacement-pour-le-125e-anniversaire-du-chemin-de-fer-white-pass-yukon-route-du-29-au-30
2026-04-08T22:19:32Z,Downloading https://yukon.ca/fr/frais-de-deplacement-pour-la-rencontre-du-conseil-canadien-des-ministres-de-lenvironnement-du-25-au
2026-04-08T22:19:33Z,Downloading https://yukon.ca/fr/frais-de-deplacement-pour-une-rencontre-avec-le-premier-ministre-de-la-nouvelle-ecosse-les-25-et-26
2026-04-08T22:19:34Z,Downloading https://yukon.ca/fr/frais-de-deplacement-pour-la-rencontre-des-ministres-federal-provinciaux-et-territoriaux-de-lagriculture-du-18-au-22-juillet-2023
2026-04-08T22:19:35Z,Downloading https://yukon.ca/en/travel-expense-report-2023-north-american-indigenous-games-july-14-july-17-2023
2026-04-08T22:19:35Z,Downloading https://yukon.ca/fr/frais-de-deplacement-pour-le-sommet-annuel-de-la-region-economique-du-nord-ouest-du-pacifique-du-14
2026-04-08T22:19:36Z,Downloading https://yukon.ca/fr/frais-de-deplacement-pour-la-reunion-des-ministres-des-gouvernements-territoriaux-provinciaux-et-0
2026-04-08T22:19:37Z,Downloading https://yukon.ca/fr/frais-de-deplacement-pour-la-reunion-du-conseil-des-ministres-de-leducation-canada-du-11-au-14
2026-04-08T22:19:38Z,Downloading https://yukon.ca/fr/frais-de-deplacement-pour-la-rencontre-estivale-du-conseil-de-la-federation-du-9-au-13-juillet-2023
2026-04-08T22:19:39Z,Downloading https://yukon.ca/fr/frais-de-deplacement-pour-la-conference-du-conseil-des-ministres-sur-la-francophonie-canadienne-du-5
2026-04-08T22:19:40Z,Downloading https://yukon.ca/fr/frais-de-deplacement-pour-la-rencontre-des-ministres-federal-provinciaux-et-territoriaux-0
2026-04-08T22:19:41Z,Downloading https://yukon.ca/fr/frais-de-deplacement-pour-la-conference-des-premiers-ministres-de-louest-canadien-du-25-au-27-juin
2026-04-08T22:19:42Z,Downloading https://yukon.ca/en/travel-expense-report-fpt-ministers-infrastructure-meeting-june-19-23-2023
2026-04-08T22:19:43Z,Downloading https://yukon.ca/fr/frais-de-deplacement-pour-la-rencontre-des-ministres-federal-provinciaux-et-territoriaux-1
2026-04-08T22:19:44Z,Downloading https://yukon.ca/fr/frais-de-deplacement-pour-la-rencontre-des-ministres-provinciaux-et-territoriaux-responsables-des-0
2026-04-08T22:19:45Z,Downloading https://yukon.ca/fr/frais-de-deplacement-pour-la-rencontre-avec-relations-couronne-autochtones-et-affaires-du-nord
2026-04-08T22:19:46Z,Downloading https://yukon.ca/en/travel-expense-report-rendezvous-canada-may-28-june-1-2023
2026-04-08T22:19:46Z,Downloading https://yukon.ca/fr/frais-de-deplacement-pour-le-forum-des-premiers-ministres-du-nord-du-16-au-17-mai-2023
2026-04-08T22:19:47Z,Downloading https://yukon.ca/fr/frais-de-deplacement-pour-des-rencontres-ministerielles-du-3-au-6-mai-2023
2026-04-08T22:19:48Z,Downloading https://yukon.ca/fr/frais-de-deplacement-pour-les-reunions-avec-le-premier-ministre-ford-et-des-intervenants-du-30-avril
2026-04-08T22:19:49Z,Downloading https://yukon.ca/fr/frais-de-deplacement-pour-la-rencontre-avec-air-north-du-6-au-8-avril-2023
2026-04-08T22:19:50Z,Downloading https://yukon.ca/fr/frais-de-deplacement-pour-une-rencontre-avec-une-premiere-nation-le-17-mars-2023
2026-04-08T22:19:51Z,Downloading https://yukon.ca/fr/frais-de-deplacement-pour-les-jeux-dhiver-du-canada-2023-du-15-au-20-fevrier-2023
2026-04-08T22:19:52Z,Downloading https://yukon.ca/fr/frais-de-deplacement-du-premier-ministre-et-ministre-du-developpement-economique-pour-des-reunions
2026-04-08T22:19:53Z,Downloading https://yukon.ca/fr/frais-de-deplacement-pour-la-reunion-des-ministres-federal-provinciaux-et-territoriaux-des-finances
2026-04-08T22:19:53Z,Downloading https://yukon.ca/en/travel-expense-report-vric-meetings-january-29-30-2023
2026-04-08T22:19:54Z,Downloading https://yukon.ca/fr/frais-de-deplacement-pour-les-jeux-dhiver-du-canada-2023-du-28-au-31-janvier-2023
2026-04-08T22:19:55Z,Downloading https://yukon.ca/fr/frais-de-deplacement-pour-la-vancouver-resource-investment-conference-du-28-au-30-janvier-2023
2026-04-08T22:19:56Z,Downloading https://yukon.ca/fr/frais-de-deplacement-pour-le-forum-sur-lexploration-miniere-de-lassociation-mineral-exploration-du
2026-04-08T22:19:57Z,Downloading https://yukon.ca/fr/frais-de-voyage-pour-le-colloque-fpt-sur-la-confiance-numerique-et-la-cybersecurite-du-20-au-26
2026-04-08T22:19:58Z,Downloading https://yukon.ca/fr/frais-de-deplacement-pour-la-participation-aux-ateliers-de-negociation-autochtones-daffinity-north
2026-04-08T22:19:59Z,Downloading https://yukon.ca/fr/frais-de-deplacement-pour-la-delegation-canadienne-la-cop15-la-convention-sur-la-diversite
2026-04-08T22:20:00Z,Downloading https://yukon.ca/fr/frais-de-deplacement-pour-la-reunion-des-ministres-federal-provinciaux-et-territoriaux-1
2026-04-08T22:20:01Z,Downloading https://yukon.ca/fr/frais-de-deplacement-pour-participer-aux-journees-du-yukon-la-reunion-annuelle-du-comite-du-commerce
2026-04-08T22:20:02Z,Downloading https://yukon.ca/fr/frais-de-deplacement-pour-participer-aux-journees-du-yukon-du-3-au-8-decembre-2022
2026-04-08T22:20:04Z,Downloading https://yukon.ca/fr/frais-de-deplacement-pour-les-journees-du-yukon-et-les-rencontres-bilaterales-avec-le-gouvernement
2026-04-08T22:20:05Z,Downloading https://yukon.ca/en/travel-expense-report-ministerial-meetings-november-27-to-december-1-2022
2026-04-08T22:20:05Z,Downloading https://yukon.ca/fr/frais-de-deplacement-pour-la-reunion-des-ministres-federal-provinciaux-et-territoriaux-de-la-sante
2026-04-08T22:20:06Z,Downloading https://yukon.ca/fr/frais-de-deplacement-pour-des-reunions-sur-le-tourisme-le-logement-et-les-infrastructures-du-4-au-6
2026-04-08T22:20:07Z,Downloading https://yukon.ca/fr/frais-de-deplacement-pour-la-conference-carbon-capture-canada-du-19-au-22-septembre-2022
2026-04-08T22:20:08Z,Downloading https://yukon.ca/fr/frais-de-deplacement-pour-participer-des-reunions-sur-lexploitation-des-metaux-precieux-et-de-lor-du
2026-04-08T22:20:09Z,Downloading https://yukon.ca/fr/frais-de-deplacement-pour-le-forum-du-cercle-arctique-au-groenland-du-23-au-30-aout-2022
2026-04-08T22:20:10Z,Downloading https://yukon.ca/fr/frais-de-deplacement-pour-assister-aux-jeux-dete-du-canada-du-3-au-8-aout-2022
2026-04-08T22:20:11Z,Downloading https://yukon.ca/fr/frais-de-deplacement-pour-le-sommet-de-la-region-economique-du-nord-ouest-du-pacifique-du-21-au-31
2026-04-08T22:20:12Z,Downloading https://yukon.ca/fr/frais-de-deplacement-pour-la-visite-du-ministre-aklavik-et-lile-herschel-du-11-au-16-juillet-2022
2026-04-08T22:20:12Z,Downloading https://yukon.ca/fr/frais-de-deplacement-pour-la-rencontre-des-ministres-federal-provinciaux-et-territoriaux-fpt
2026-04-08T22:20:13Z,Downloading https://yukon.ca/fr/frais-de-deplacement-pour-la-rencontre-federale-provinciale-territoriale-des-ministres-0
2026-04-08T22:20:14Z,Downloading https://yukon.ca/fr/frais-de-deplacement-pour-la-participation-au-conseil-de-la-federation-du-7-au-13-juillet-2022
2026-04-08T22:20:15Z,Downloading https://yukon.ca/fr/frais-de-deplacement-pour-la-conference-des-ministres-de-lenergie-et-des-mines-du-5-au-9-juillet
2026-04-08T22:20:16Z,Downloading https://yukon.ca/fr/frais-de-deplacement-pour-la-conference-du-conseil-des-ministres-de-leducation-du-canada-du-4-au-6
2026-04-08T22:20:17Z,Downloading https://yukon.ca/fr/frais-de-deplacement-pour-assister-la-fete-de-lindependance-4-juillet-2022
2026-04-08T22:20:18Z,Downloading https://yukon.ca/fr/frais-de-deplacement-pour-des-reunions-propos-dun-film-de-developpement-economique-du-29-juin-au-2
2026-04-08T22:20:18Z,Downloading https://yukon.ca/fr/frais-de-deplacement-pour-des-rencontres-avec-des-ministres-federaux-et-la-reunion-au-sommet-des
2026-04-08T22:20:19Z,Downloading https://yukon.ca/fr/frais-de-deplacement-pour-la-conference-et-les-reunions-de-lacpe-ottawa-et-new-york-du-12-au-17-juin
2026-04-08T22:20:20Z,Downloading https://yukon.ca/fr/frais-de-deplacement-pour-la-conference-de-lacpe-du-12-au-15-juin-2022
2026-04-08T22:20:21Z,Downloading https://yukon.ca/fr/frais-de-deplacement-pour-la-reunion-des-ministre-federal-provinciaux-et-territoriaux-de-la-sante-du
2026-04-08T22:20:22Z,Downloading https://yukon.ca/fr/frais-de-deplacement-pour-la-conference-des-premiers-ministres-de-louest-du-25-au-30-mai
2026-04-08T22:20:23Z,Downloading https://yukon.ca/fr/frais-de-deplacement-pour-la-visite-du-chantier-du-projet-dagrandissement-de-la-centrale
2026-04-08T22:20:24Z,Downloading https://yukon.ca/fr/frais-de-deplacement-pour-la-vancouver-resource-investment-conference-et-le-forum-sur-lexploration-0
2026-04-08T22:20:25Z,Downloading https://yukon.ca/fr/frais-de-deplacement-pour-le-vol-inaugural-dair-north-et-des-reunions-avec-le-premier-ministre-et
2026-04-08T22:20:26Z,Downloading https://yukon.ca/fr/frais-de-deplacement-pour-le-vol-inaugural-dair-north-et-des-reunions-avec-le-premier-ministre-et
2026-04-08T22:20:26Z,Downloading https://yukon.ca/fr/frais-de-deplacement-pour-la-rencontre-des-ministres-federal-provinciaux-et-territoriaux-de
2026-04-08T22:20:27Z,Downloading https://yukon.ca/fr/frais-de-deplacement-pour-le-forum-de-lautomne-des-membres-de-westac-du-7-au-12-decembre-2021
2026-04-08T22:20:28Z,Downloading https://yukon.ca/fr/frais-de-deplacement-pour-assister-des-rencontres-au-sujet-de-destination-canada-du-28-septembre-au
2026-04-08T22:20:28Z,Downloading https://yukon.ca/fr/frais-de-deplacement-pour-la-conference-de-lassociation-canadienne-des-prospecteurs-et-entrepreneurs
2026-04-08T22:20:29Z,Downloading https://yukon.ca/fr/frais-de-deplacement-pour-la-rencontre-federale-provinciale-territoriale-des-ministres-responsables
2026-04-08T22:20:30Z,Downloading https://yukon.ca/fr/frais-de-deplacement-pour-la-rencontre-des-ministres-federaux-du-2-au-6-fevrier-2020
2026-04-08T22:20:31Z,Downloading https://yukon.ca/fr/frais-de-deplacement-pour-la-rencontre-federale-provinciale-territoriale-des-ministres-de-la-justice
2026-04-08T22:20:32Z,Downloading https://yukon.ca/en/travel-expense-report-ministers-meeting-early-learning-and-childcare-and-ame-roundup-january-19-24
2026-04-08T22:20:32Z,Downloading https://yukon.ca/fr/frais-de-deplacement-pour-la-vancouver-resource-investment-conference-et-le-forum-sur-lexploration
2026-04-08T22:20:33Z,Downloading https://yukon.ca/fr/frais-de-deplacement-pour-le-congres-impact-du-17-au-23-janvier-2020
2026-04-08T22:20:34Z,Downloading https://yukon.ca/fr/frais-de-deplacement-pour-la-ceremonie-du-temple-de-la-renommee-du-secteur-minier-du-7-au-10-janvier
2026-04-08T22:20:35Z,Downloading https://yukon.ca/fr/frais-de-deplacement-pour-la-rencontre-des-ministres-des-finances-les-16-et-17-decembre-2019
2026-04-08T22:20:36Z,Downloading https://yukon.ca/fr/frais-de-deplacement-pour-les-rencontres-avec-les-ministres-federaux-du-8-au-12-decembre-2019
2026-04-08T22:20:37Z,Downloading https://yukon.ca/fr/frais-de-deplacement-pour-la-reunion-du-conseil-de-la-federation-et-les-journees-du-yukon-du-1er-au
2026-04-08T22:20:38Z,Downloading https://yukon.ca/fr/frais-de-deplacement-pour-la-reunion-des-ministres-federal-provinciaux-et-territoriaux-0
2026-04-08T22:20:39Z,Downloading https://yukon.ca/fr/frais-de-deplacement-pour-les-journees-du-yukon-du-30-novembre-au-6-decembre-2019
2026-04-08T22:20:39Z,Downloading https://yukon.ca/fr/frais-de-deplacement-pour-la-conference-du-world-town-planning-day-les-2-et-3-novembre-2019
2026-04-08T22:20:40Z,Downloading https://yukon.ca/fr/frais-de-deplacement-pour-participer-la-ceremonie-dadieu-en-memoire-de-julie-lane-le-20-octobre-2019
2026-04-08T22:20:41Z,Downloading https://yukon.ca/fr/frais-de-deplacement-pour-participer-au-forum-de-lor-de-denver-du-14-au-18-septembre-2019
2026-04-08T22:20:42Z,Downloading https://yukon.ca/fr/frais-de-deplacement-pour-la-seance-de-travail-sur-le-port-de-skagway-8-aout-2019
2026-04-08T22:20:43Z,Downloading https://yukon.ca/fr/frais-de-deplacement-pour-la-reunion-du-conseil-des-ministres-de-leducation-du-22-au-26-juillet-2019
2026-04-08T22:20:44Z,Downloading https://yukon.ca/fr/frais-de-deplacement-pour-le-sommet-annuel-de-la-region-economique-du-nord-ouest-du-pacifique-du-0
2026-04-08T22:20:44Z,Downloading https://yukon.ca/fr/rencontre-dans-le-cadre-de-la-conference-des-ministres-des-mines-et-de-lenergie-et-reunion-des
2026-04-08T22:20:45Z,Downloading https://yukon.ca/fr/reunion-estivale-du-conseil-de-la-federation-du-7-au-11-juillet-2019
2026-04-08T22:20:46Z,Downloading https://yukon.ca/fr/frais-de-deplacement-pour-la-participation-levaluation-dun-site-aux-fins-de-son-inscription-au
2026-04-08T22:20:47Z,Downloading https://yukon.ca/fr/conference-des-premiers-ministres-de-louest-du-25-juin-au-1er-juillet-2019
2026-04-08T22:20:48Z,Downloading https://yukon.ca/fr/reunion-des-ministres-federaux-du-16-au-20-juin-2019
2026-04-08T22:20:49Z,Downloading https://yukon.ca/fr/reunion-des-ministres-federaux-et-rencontre-sur-lattraction-des-investissements-du-16-au-21-juin
2026-04-08T22:20:49Z,Downloading https://yukon.ca/fr/rencontre-des-ministres-canadiens-responsables-du-tourisme-et-de-la-culture-du-15-au-20-juin-2019
2026-04-08T22:20:50Z,Downloading https://yukon.ca/fr/rencontre-des-ministres-provinciaux-et-territoriaux-responsables-des-administrations-locales-du-10
2026-04-08T22:20:51Z,Downloading https://yukon.ca/fr/conference-women-deliver-du-4-au-8-juin-2019
2026-04-08T22:20:52Z,Downloading https://yukon.ca/fr/121-mining-investment-conferencecanadian-mining-symposium-du-19-au-27-mai
2026-04-08T22:20:53Z,Downloading https://yukon.ca/fr/collision-conferencerencontre-propos-de-laccord-de-libre-echange-canadien-du-19-au-30-mai
2026-04-08T22:20:54Z,Downloading https://yukon.ca/fr/forum-federal-provincial-et-territorial-des-ministres-responsables-des-aines-du-20-au-23-mai
2026-04-08T22:20:55Z,Downloading https://yukon.ca/fr/rendez-vous-canada-du-22-au-29-mai-2019
2026-04-08T22:20:56Z,Downloading https://yukon.ca/fr/rencontre-avec-lalaska-industrial-development-and-export-authority-et-la-municipalite-de-skagway-le
2026-04-08T22:20:57Z,Downloading https://yukon.ca/fr/comite-federal-provincial-et-territorial-des-ministres-responsables-de-la-sante-et-des-affaires
2026-04-08T22:20:58Z,Downloading https://yukon.ca/fr/frais-de-deplacement-pour-la-periode-du-27-fevrier-au-6-mars-2019-rencontres-avec-lassociation
2026-04-08T22:21:00Z,Downloading https://yukon.ca/fr/frais-de-deplacement-pour-la-mission-en-alaska-du-17-au-20-fevrier-2019
2026-04-08T22:21:01Z,Downloading https://yukon.ca/fr/frais-de-deplacement-pour-la-rencontre-des-ministres-federaux-territoriaux-et-provinciaux
2026-04-08T22:21:02Z,Downloading https://yukon.ca/fr/frais-de-deplacement-pour-le-forum-national-des-directeurs-de-leducation-des-premieres-nations-du-12
2026-04-08T22:21:03Z,Downloading https://yukon.ca/fr/frais-de-deplacement-pour-le-forum-sur-lexploration-miniere-2019-de-lassociation-mineral-exploration
2026-04-08T22:21:04Z,Downloading https://yukon.ca/fr/frais-de-deplacement-pour-la-rencontre-federale-provinciale-territoriale-entre-les-ministres-et-les
2026-04-08T22:21:05Z,Downloading https://yukon.ca/fr/frais-de-deplacement-pour-la-conference-impact-sur-la-durabilite-les-voyages-et-le-tourisme-et-forum
2026-04-08T22:21:06Z,Downloading https://yukon.ca/fr/frais-de-deplacement-pour-la-periode-du-20-au-23-janvier-2019-vancouver-resource-investment
2026-04-08T22:21:06Z,Downloading https://yukon.ca/fr/frais-de-deplacement-pour-la-rencontre-federale-provinciale-territoriale-des-dirigeants-des
2026-04-08T22:21:07Z,Downloading https://yukon.ca/fr/frais-de-deplacement-pour-la-periode-du-9-au-12-janvier-2019-ceremonie-dintronisation-du-temple-de
2026-04-08T22:21:08Z,Downloading https://yukon.ca/fr/frais-de-deplacement-pour-la-periode-du-9-au-12-decembre-2018-audience-de-lenquete-nationale-sur-les
2026-04-08T22:21:09Z,Downloading https://yukon.ca/fr/frais-de-deplacement-pour-la-periode-du-2-au-6-decembre-2018-journees-du-yukon-conseil-canadien-des
2026-04-08T22:21:10Z,Downloading https://yukon.ca/fr/frais-de-deplacement-pour-la-periode-du-30-novembre-au-7-decembre-2018-journees-du-yukon-conference
2026-04-08T22:21:10Z,Downloading https://yukon.ca/fr/frais-de-deplacement-pour-la-periode-du-29-novembre-au-11-decembre-2018-journees-du-yukon-reunion
2026-04-08T22:21:11Z,Downloading https://yukon.ca/fr/frais-de-deplacement-pour-la-periode-du-25-au-29-novembre-2018-enquete-nationale-sur-les-femmes-et
2026-04-08T22:21:12Z,Downloading https://yukon.ca/fr/frais-de-deplacement-pour-la-rencontre-des-ministres-federaux-du-26-au-30-octobre-2018
2026-04-08T22:21:13Z,Downloading https://yukon.ca/fr/frais-de-deplacement-pour-la-rencontre-federale-territoriale-provinciale-des-ministres-sur-le
2026-04-08T22:21:14Z,Downloading https://yukon.ca/fr/frais-de-deplacement-pour-la-reunion-federale-provinciale-territoriale-des-ministres-responsables
2026-04-08T22:21:15Z,Downloading https://yukon.ca/fr/frais-de-deplacement-pour-assister-aux-audiences-de-lenquete-nationale-sur-les-femmes-et-les-filles
2026-04-08T22:21:16Z,Downloading https://yukon.ca/fr/frais-de-deplacement-pour-la-conference-de-lassociation-internationale-pour-la-participation
2026-04-08T22:21:17Z,Downloading https://yukon.ca/fr/frais-de-deplacement-pour-le-conseil-canadien-des-ministres-des-forets-du-4-au-8-septembre-2018
2026-04-08T22:21:18Z,Downloading https://yukon.ca/fr/frais-de-deplacement-pour-les-jeux-canadiens-des-55-ans-et-plus-du-17-au-19-aout-2018
2026-04-08T22:21:18Z,Downloading https://yukon.ca/fr/frais-de-deplacement-pour-la-conference-des-ministres-de-lenergie-et-des-mines-et-larctic-indigenous-investment-conference-du-11-au-15-aout-2018
2026-04-08T22:21:19Z,Downloading https://yukon.ca/fr/frais-de-deplacement-pour-les-jeux-nationaux-dolympiques-speciaux-du-30-juillet-au-5-aout-2018
2026-04-08T22:21:20Z,Downloading https://yukon.ca/fr/frais-de-deplacement-pour-la-rencontre-panterritoriale-et-la-reunion-federale-provinciale
2026-04-08T22:21:21Z,Downloading https://yukon.ca/fr/frais-de-deplacement-pour-le-sommet-annuel-de-la-region-economique-du-nord-ouest-du-pacifique-du-20
2026-04-08T22:21:22Z,Downloading https://yukon.ca/fr/frais-de-deplacement-pour-la-reunion-du-conseil-de-la-federation-du-17-au-21-juillet-2018
2026-04-08T22:21:23Z,Downloading https://yukon.ca/fr/frais-de-deplacement-pour-la-conference-des-ministres-de-lagriculture-des-gouvernements-du-canada
2026-04-08T22:21:24Z,Downloading https://yukon.ca/fr/frais-de-deplacement-pour-la-reunion-federale-territoriale-provinciale-sur-limmigration-du-12-au-13
2026-04-08T22:21:25Z,Downloading https://yukon.ca/fr/frais-de-deplacement-pour-la-conference-du-conseil-des-ministres-de-leducation-du-29-juin-au-6
2026-04-08T22:21:26Z,Downloading https://yukon.ca/fr/frais-de-deplacement-pour-la-reunion-des-ministres-des-finances-du-24-au-27-juin-2018
2026-04-08T22:21:27Z,Downloading https://yukon.ca/fr/frais-de-deplacement-pour-la-mission-commerciale-federale-provinciale-territoriale-des-ministres
2026-04-08T22:21:28Z,Downloading https://yukon.ca/fr/frais-de-deplacement-pour-la-reunion-federale-provinciale-territoriale-des-ministres-responsables-1
2026-04-08T22:21:29Z,Downloading https://yukon.ca/fr/frais-de-deplacement-pour-laudience-dexperts-sur-le-racisme-dans-le-cadre-de-lenquete-nationale-sur
2026-04-08T22:21:30Z,Downloading https://yukon.ca/fr/frais-de-deplacement-pour-levenement-celebration-2018-respect-weigh-your-words-du-8-au-10-juin-2018
2026-04-08T22:21:31Z,Downloading https://yukon.ca/fr/frais-de-deplacement-pour-la-remise-des-prix-energy-star-louverture-de-seance-de-la-bourse-de
2026-04-08T22:21:32Z,Downloading https://yukon.ca/fr/frais-de-deplacement-pour-la-reunion-federale-provinciale-territoriale-des-ministres-responsables-2
2026-04-08T22:21:32Z,Downloading https://yukon.ca/fr/frais-de-deplacement-pour-la-conference-des-premiers-ministres-de-louest-du-21-au-23-mai-2018
2026-04-08T22:21:33Z,Downloading https://yukon.ca/fr/frais-de-deplacement-pour-rendez-vous-canada-du-13-au-17-mai-2018
2026-04-08T22:21:34Z,Downloading https://yukon.ca/fr/frais-de-deplacement-pour-le-forum-sur-les-politiques-sociales-de-lorganisation-de-cooperation-et-de
2026-04-08T22:21:35Z,Downloading https://yukon.ca/fr/frais-de-deplacement-pour-la-conference-canadienne-du-gouverneur-general-sur-le-leadership-du-3-au-6
2026-04-08T22:21:36Z,Downloading https://yukon.ca/fr/frais-de-deplacement-pour-le-forum-sur-le-transport-dans-louest-canadien-du-2-au-4-mai-2018
2026-04-08T22:21:37Z,Downloading https://yukon.ca/fr/frais-de-deplacement-pour-la-conference-annuelle-des-premiers-ministres-du-nord-du-30-avril-au-4-mai
2026-04-08T22:21:38Z,Downloading https://yukon.ca/fr/frais-de-deplacement-pour-la-rencontre-de-la-regie-de-la-sante-des-premieres-nations-de-la-colombie
2026-04-08T22:21:38Z,Downloading https://yukon.ca/fr/frais-de-deplacement-pour-le-sommet-concernant-les-caribous-de-la-porcupine-et-la-rencontre-des
2026-04-08T22:21:39Z,Downloading https://yukon.ca/fr/rencontres-avec-destination-canada-lassociation-touristique-autochtone-du-canada-et-cossette-lagence
2026-04-08T22:21:40Z,Downloading https://yukon.ca/fr/congres-international-le-salon-professionnel-et-le-forum-des-investisseurs-de-lassociation
2026-04-08T22:21:41Z,Downloading https://yukon.ca/fr/frais-de-deplacement-pour-la-rencontre-sur-les-questions-dinteret-panterritorial-les-27-et-28
2026-04-08T22:21:42Z,Downloading https://yukon.ca/fr/rencontre-avec-lassociation-canadienne-des-societes-des-alcools-le-6-fevrier-2018
2026-04-08T22:21:43Z,Downloading https://yukon.ca/fr/frais-de-deplacement-pour-les-journees-du-yukon-du-2-au-9-fevrier-2018
2026-04-08T22:21:43Z,Downloading https://yukon.ca/fr/frais-de-deplacement-pour-la-rencontre-annuelle-des-ministres-federal-provinciaux-et-territoriaux
2026-04-08T22:21:44Z,Downloading https://yukon.ca/fr/frais-de-deplacement-pour-la-rencontre-federale-provinciale-territoriale-durgence-sur-les-services
2026-04-08T22:21:45Z,Downloading https://yukon.ca/fr/frais-de-deplacement-pour-la-rencontre-concernant-luniversite-du-yukon-les-23-et-24-janvier-2018
2026-04-08T22:21:46Z,Downloading https://yukon.ca/fr/frais-de-deplacement-pour-la-rencontre-avec-la-ministre-bardish-chagger-du-22-au-25-janvier-2018
2026-04-08T22:21:47Z,Downloading https://yukon.ca/fr/frais-de-deplacement-pour-le-forum-sur-lexploration-miniere-du-19-au-25-janvier-2018
2026-04-08T22:21:47Z,Downloading https://yukon.ca/fr/votre-gouvernement/bilan-et-finances/divulgation-des-frais-de-deplacement-des-ministres/rencontre-0
2026-04-08T22:21:48Z,Downloading https://yukon.ca/fr/votre-gouvernement/bilan-et-finances/divulgation-des-frais-de-deplacement-des-ministres/rencontre
2026-04-08T22:21:50Z,Downloading https://yukon.ca/fr/votre-gouvernement/bilan-et-finances/frais-de-deplacement-des-ministres/frais-de-deplacement-pour-27
2026-04-08T22:21:51Z,Downloading https://yukon.ca/fr/votre-gouvernement/bilan-et-finances/frais-de-deplacement-des-ministres/frais-de-deplacement-pour-14
2026-04-08T22:21:52Z,Downloading https://yukon.ca/fr/votre-gouvernement/bilan-et-finances/frais-de-deplacement-des-ministres/frais-de-deplacement-pour-9
2026-04-08T22:21:53Z,Downloading https://yukon.ca/fr/votre-gouvernement/bilan-et-finances/frais-de-deplacement-des-ministres/frais-de-deplacement-pour-17
2026-04-08T22:21:54Z,Downloading https://yukon.ca/fr/votre-gouvernement/bilan-et-finances/frais-de-deplacement-des-ministres/frais-de-deplacement-pour-12
2026-04-08T22:21:54Z,Downloading https://yukon.ca/fr/votre-gouvernement/bilan-et-finances/frais-de-deplacement-des-ministres/frais-de-deplacement-pour-16
2026-04-08T22:21:55Z,Downloading https://yukon.ca/fr/votre-gouvernement/bilan-et-finances/frais-de-deplacement-des-ministres/frais-de-deplacement-pour-un
2026-04-08T22:21:56Z,Downloading https://yukon.ca/fr/votre-gouvernement/bilan-et-finances/frais-de-deplacement-des-ministres/frais-de-deplacement-pour-33
2026-04-08T22:21:58Z,Downloading https://yukon.ca/fr/votre-gouvernement/bilan-et-finances/frais-de-deplacement-des-ministres/frais-de-deplacement-pour-23
2026-04-08T22:21:59Z,Downloading https://yukon.ca/fr/votre-gouvernement/bilan-et-finances/frais-de-deplacement-des-ministres/frais-de-deplacement-pour-28
2026-04-08T22:22:01Z,Downloading https://yukon.ca/fr/votre-gouvernement/bilan-et-finances/frais-de-deplacement-des-ministres/frais-de-deplacement-pour-3
2026-04-08T22:22:02Z,Downloading https://yukon.ca/fr/votre-gouvernement/bilan-et-finances/frais-de-deplacement-des-ministres/frais-de-deplacement-pour-30
2026-04-08T22:22:03Z,Downloading https://yukon.ca/fr/votre-gouvernement/bilan-et-finances/frais-de-deplacement-des-ministres/frais-de-deplacement-pour-22
2026-04-08T22:22:04Z,Downloading https://yukon.ca/fr/votre-gouvernement/bilan-et-finances/frais-de-deplacement-des-ministres/frais-de-deplacement-pour-7
2026-04-08T22:22:05Z,Downloading https://yukon.ca/fr/votre-gouvernement/bilan-et-finances/frais-de-deplacement-des-ministres/frais-de-deplacement-pour-25
2026-04-08T22:22:06Z,Downloading https://yukon.ca/fr/gouvernement-du-yukon/bilan-et-finances/find-minister-travel-expense-reports/frais-de-deplacement
2026-04-08T22:22:07Z,Downloading https://yukon.ca/fr/votre-gouvernement/bilan-et-finances/frais-de-deplacement-des-ministres/frais-de-deplacement-pour-8
2026-04-08T22:22:08Z,Downloading https://yukon.ca/fr/votre-gouvernement/bilan-et-finances/frais-de-deplacement-des-ministres/frais-de-deplacement-pour-10
2026-04-08T22:22:09Z,Downloading https://yukon.ca/fr/votre-gouvernement/bilan-et-finances/frais-de-deplacement-des-ministres/frais-de-deplacement-pour-la
2026-04-08T22:22:10Z,Downloading https://yukon.ca/fr/votre-gouvernement/bilan-et-finances/frais-de-deplacement-des-ministres/frais-de-deplacement-pour-0
2026-04-08T22:22:12Z,Downloading https://yukon.ca/fr/votre-gouvernement/bilan-et-finances/frais-de-deplacement-des-ministres/frais-de-deplacement-pour-32
2026-04-08T22:22:12Z,Downloading https://yukon.ca/fr/votre-gouvernement/bilan-et-finances/frais-de-deplacement-des-ministres/frais-de-deplacement-pour-24
2026-04-08T22:22:14Z,Downloading https://yukon.ca/fr/votre-gouvernement/bilan-et-finances/frais-de-deplacement-des-ministres/frais-de-deplacement-pour-29
2026-04-08T22:22:14Z,Downloading https://yukon.ca/fr/votre-gouvernement/bilan-et-finances/frais-de-deplacement-des-ministres/frais-de-deplacement-pour-18
2026-04-08T22:22:15Z,Downloading https://yukon.ca/fr/votre-gouvernement/bilan-et-finances/frais-de-deplacement-des-ministres/frais-de-deplacement-pour-15
2026-04-08T22:22:17Z,Downloading https://yukon.ca/fr/votre-gouvernement/bilan-et-finances/frais-de-deplacement-des-ministres/frais-de-deplacement-pour
2026-04-08T22:22:18Z,Downloading https://yukon.ca/fr/votre-gouvernement/bilan-et-finances/frais-de-deplacement-des-ministres/frais-de-deplacement-dans-le
2026-04-08T22:22:19Z,Downloading https://yukon.ca/fr/votre-gouvernement/bilan-et-finances/frais-de-deplacement-des-ministres/frais-de-deplacement-pour-37
2026-04-08T22:22:20Z,Downloading https://yukon.ca/fr/votre-gouvernement/bilan-et-finances/frais-de-deplacement-des-ministres/frais-de-deplacement-pour-2
2026-04-08T22:22:21Z,Downloading https://yukon.ca/fr/votre-gouvernement/bilan-et-finances/frais-de-deplacement-des-ministres/frais-de-deplacement-pour-36
2026-04-08T22:22:22Z,Downloading https://yukon.ca/fr/votre-gouvernement/bilan-et-finances/frais-de-deplacement-des-ministres/frais-de-deplacement-pour-11
2026-04-08T22:22:23Z,Downloading https://yukon.ca/fr/votre-gouvernement/bilan-et-finances/frais-de-deplacement-des-ministres/frais-de-deplacement-pour-4
2026-04-08T22:22:24Z,Downloading https://yukon.ca/fr/votre-gouvernement/bilan-et-finances/frais-de-deplacement-des-ministres/frais-de-deplacement-pour-20
2026-04-08T22:22:25Z,Downloading https://yukon.ca/fr/votre-gouvernement/bilan-et-finances/frais-de-deplacement-des-ministres/frais-de-deplacement-pour-39
2026-04-08T22:22:26Z,Downloading https://yukon.ca/fr/votre-gouvernement/bilan-et-finances/frais-de-deplacement-des-ministres/frais-de-deplacement-pour-19
2026-04-08T22:22:27Z,Downloading https://yukon.ca/fr/votre-gouvernement/bilan-et-finances/frais-de-deplacement-des-ministres/frais-de-deplacement-pour-21
2026-04-08T22:22:28Z,Downloading https://yukon.ca/fr/votre-gouvernement/bilan-et-finances/frais-de-deplacement-des-ministres/frais-de-deplacement-pour-38
2026-04-08T22:22:29Z,Downloading https://yukon.ca/fr/votre-gouvernement/bilan-et-finances/frais-de-deplacement-des-ministres/frais-de-deplacements-pour
2026-04-08T22:22:30Z,Downloading https://yukon.ca/fr/votre-gouvernement/bilan-et-finances/frais-de-deplacement-des-ministres/frais-de-deplacement-pour-34
2026-04-08T22:22:31Z,Downloading https://yukon.ca/fr/votre-gouvernement/bilan-et-finances/frais-de-deplacement-des-ministres/frais-de-deplacement-pour-26
2026-04-08T22:22:32Z,Downloading https://yukon.ca/fr/votre-gouvernement/bilan-et-finances/frais-de-deplacement-des-ministres/frais-de-deplacement-pour-1
2026-04-08T22:22:33Z,Downloading https://yukon.ca/fr/votre-gouvernement/bilan-et-finances/frais-de-deplacement-des-ministres/frais-de-deplacement-pour-le
2026-04-08T22:22:34Z,Downloading https://yukon.ca/fr/votre-gouvernement/bilan-et-finances/frais-de-deplacement-des-ministres/frais-de-deplacement-pour-35
2026-04-08T22:22:35Z,Downloading https://yukon.ca/fr/votre-gouvernement/bilan-et-finances/frais-de-deplacement-des-ministres/frais-de-deplacement-pour-6
2026-04-08T22:22:36Z,Downloading https://yukon.ca/fr/votre-gouvernement/bilan-et-finances/frais-de-deplacement-des-ministres/frais-de-deplacement-pour-37
2026-04-08T22:22:36Z,Downloading https://yukon.ca/fr/votre-gouvernement/bilan-et-finances/frais-de-deplacement-des-ministres/frais-de-deplacement-pour-5
2026-04-08T22:22:37Z,Downloading https://yukon.ca/fr/votre-gouvernement/bilan-et-finances/frais-de-deplacement-des-ministres/frais-de-deplacement-pour-13
2026-04-08T22:22:39Z,End time was: 2026-04-08 15:22:39.067616
2026-04-08T22:22:39Z,Elapsed time was: 0.12 hours
